family,instance_id,non_hand_constructed,seed,prior_name,alpha,horizon,world_count,prior_probability_sum,static_candidates_considered,static_root_action,nested_root_action,root_action_difference,reachable_policy_difference,reachable_policy_difference_probability,common_reachable_information_state_count,common_reachable_action_difference_count,static_reachable_decision_history_count,static_action_mismatch_state_count,static_action_mismatch_probability,static_value_mismatch_state_count,static_value_mismatch_probability,max_static_conditional_cvar_improvement,static_root_cvar_regret,nested_root_dynamic_regret_value,exact_world_enumeration
intel_lab_topological,intel_lab_H9,0,,two_mode_full_support,0.25,9,32,1,2,bl,bl,0,0,0,9,0,9,0,0,0,0,0,4.85863554792,4.85863554792,1
intel_lab_topological,intel_lab_H9,0,,two_mode_full_support,0.5,9,32,1,2,bl,bl,0,0,0,9,0,9,0,0,0,0,0,5.7496931542,5.7496931542,1
intel_lab_topological,intel_lab_H9,0,,two_mode_full_support,0.75,9,32,1,2,bl,bl,0,0,0,9,0,9,0,0,0,0,0,6.36081125014,6.36081125014,1
intel_lab_topological,intel_lab_H9,0,,two_mode_full_support,0.9,9,32,1,2,bl,bl,0,0,0,9,0,9,0,0,0,0,0,6.36081125014,6.36081125014,1
intel_lab_topological,intel_lab_H11,0,,two_mode_full_support,0.25,11,32,1,185,d0,d0,0,1,0.3492,23,1,25,1,0.3492,6,0.51,0.572566954336,4.33884815807,4.48733652082,1
intel_lab_topological,intel_lab_H11,0,,two_mode_full_support,0.5,11,32,1,185,d0,d0,0,0,0,19,0,19,0,0,0,0,0,4.86863546657,5.64477689287,1
intel_lab_topological,intel_lab_H11,0,,two_mode_full_support,0.75,11,32,1,185,d0,d0,0,0,0,19,0,19,0,0,0,0,0,5.65905450612,6.13524882786,1
intel_lab_topological,intel_lab_H11,0,,two_mode_full_support,0.9,11,32,1,185,d0,bl,1,1,1,1,1,19,0,0,0,0,0,6.27670773602,6.36081125014,1
random_multishortcut_m3,random_multishortcut_m3_seed000,1,0,independent_p0.10,0.25,5,8,1,142,u0,u0,0,0,0,7,0,7,0,0,0,0,0,7.01033529733,7.5800779736,1
random_multishortcut_m3,random_multishortcut_m3_seed000,1,0,independent_p0.10,0.5,5,8,1,142,u0,u0,0,0,0,7,0,7,0,0,0,0,0,8.2247867915,9.07940080592,1
random_multishortcut_m3,random_multishortcut_m3_seed000,1,0,independent_p0.10,0.75,5,8,1,142,u0,u0,0,0,0,7,0,7,0,0,0,0,0,11.868141274,13.5773693029,1
random_multishortcut_m3,random_multishortcut_m3_seed000,1,0,independent_p0.10,0.9,5,8,1,142,u0,u0,0,1,0.9,4,1,7,0,0,0,0,0,22.7789095679,24.7823589312,1
random_multishortcut_m3,random_multishortcut_m3_seed000,1,0,independent_p0.30,0.25,5,8,1,142,u0,u0,0,0,0,7,0,7,0,0,0,0,0,8.08435206184,11.982260768,1
random_multishortcut_m3,random_multishortcut_m3_seed000,1,0,independent_p0.30,0.5,5,8,1,142,u0,u0,0,0,0,7,0,7,0,0,0,0,0,11.1574857508,18.0753377998,1
random_multishortcut_m3,random_multishortcut_m3_seed000,1,0,independent_p0.30,0.75,5,8,1,142,u0,u0,0,1,0.7,4,1,7,1,0.7,2,0.7,0.0340222565438,17.80545969,24.7823589312,1
random_multishortcut_m3,random_multishortcut_m3_seed000,1,0,independent_p0.30,0.9,5,8,1,142,u0,u0,0,0,0,4,0,4,0,0,0,0,0,24.7823589312,24.7823589312,1
random_multishortcut_m3,random_multishortcut_m3_seed000,1,0,independent_p0.50,0.25,5,8,1,142,u0,u0,0,0,0,7,0,7,0,0,0,0,0,6.08391830227,9.2319940117,1
random_multishortcut_m3,random_multishortcut_m3_seed000,1,0,independent_p0.50,0.5,5,8,1,142,u0,u0,0,1,0.5,4,1,7,1,0.5,2,0.5,0.132884908922,9.12587745341,24.7823589312,1
random_multishortcut_m3,random_multishortcut_m3_seed000,1,0,independent_p0.50,0.75,5,8,1,142,u0,u0,0,1,0.5,4,1,7,1,0.5,2,0.5,2.28891586241,15.8263535513,24.7823589312,1
random_multishortcut_m3,random_multishortcut_m3_seed000,1,0,independent_p0.50,0.9,5,8,1,142,u0,u0,0,0,0,4,0,4,0,0,0,0,0,24.7823589312,24.7823589312,1
random_multishortcut_m3,random_multishortcut_m3_seed000,1,0,independent_p0.70,0.25,5,8,1,142,u0,u0,0,0,0,7,0,7,0,0,0,0,0,3.08498775763,4.62894187542,1
random_multishortcut_m3,random_multishortcut_m3_seed000,1,0,independent_p0.70,0.5,5,8,1,142,u0,u0,0,0,0,7,0,7,0,0,0,0,0,4.62748163645,10.2553388231,1
random_multishortcut_m3,random_multishortcut_m3_seed000,1,0,independent_p0.70,0.75,5,8,1,142,u0,u0,0,1,0.3,4,1,7,0,0,0,0,0,8.79645998359,24.7823589312,1
random_multishortcut_m3,random_multishortcut_m3_seed000,1,0,independent_p0.70,0.9,5,8,1,142,u0,u0,0,1,0.3,4,1,7,1,0.3,2,0.3,2.17634905741,18.5523752891,24.7823589312,1
random_multishortcut_m3,random_multishortcut_m3_seed000,1,0,independent_p0.90,0.25,5,8,1,142,u0,u0,0,0,0,7,0,7,0,0,0,0,0,0.605219494695,0.744178931402,1
random_multishortcut_m3,random_multishortcut_m3_seed000,1,0,independent_p0.90,0.5,5,8,1,142,u0,u0,0,0,0,7,0,7,0,0,0,0,0,0.907829242043,1.445150951,1
random_multishortcut_m3,random_multishortcut_m3_seed000,1,0,independent_p0.90,0.75,5,8,1,142,u0,u0,0,0,0,7,0,7,0,0,0,0,0,1.81565848409,4.86359722536,1
random_multishortcut_m3,random_multishortcut_m3_seed000,1,0,independent_p0.90,0.9,5,8,1,142,u0,u0,0,1,0.1,4,1,7,0,0,0,0,0,4.53914621021,24.7823589312,1
random_multishortcut_m3,random_multishortcut_m3_seed000,1,0,correlated_two_mode,0.25,5,8,1,142,u0,u0,0,0,0,7,0,7,0,0,0,0,0,4.99033721848,6.85952164704,1
random_multishortcut_m3,random_multishortcut_m3_seed000,1,0,correlated_two_mode,0.5,5,8,1,142,u0,u0,0,0,0,7,0,7,0,0,0,0,0,7.17483523194,11.3184523171,1
random_multishortcut_m3,random_multishortcut_m3_seed000,1,0,correlated_two_mode,0.75,5,8,1,142,u0,u0,0,0,0,7,0,7,0,0,0,0,0,10.3087276114,18.0554723253,1
random_multishortcut_m3,random_multishortcut_m3_seed000,1,0,correlated_two_mode,0.9,5,8,1,142,u0,u0,0,1,0.567757550058,4,1,7,1,0.567757550058,2,0.567757550058,2.28891586241,18.899670565,24.7823589312,1
random_multishortcut_m3,random_multishortcut_m3_seed001,1,1,independent_p0.10,0.25,5,8,1,142,u0,u0,0,0,0,7,0,7,0,0,0,0,0,6.94139803066,7.50939216852,1
random_multishortcut_m3,random_multishortcut_m3_seed001,1,1,independent_p0.10,0.5,5,8,1,142,u0,u0,0,0,0,7,0,7,0,0,0,0,0,8.15212237715,9.00411358394,1
random_multishortcut_m3,random_multishortcut_m3_seed001,1,1,independent_p0.10,0.75,5,8,1,142,u0,u0,0,0,0,7,0,7,0,0,0,0,0,11.7842954166,13.4882778302,1
random_multishortcut_m3,random_multishortcut_m3_seed001,1,1,independent_p0.10,0.9,5,8,1,142,u0,u0,0,1,0.9,4,1,7,0,0,0,0,0,22.3682753581,24.6948046364,1
random_multishortcut_m3,random_multishortcut_m3_seed001,1,1,independent_p0.30,0.25,5,8,1,142,u0,u0,0,0,0,7,0,7,1,0.7,2,0.7,0.028087152514,8.04034907594,11.8980512976,1
random_multishortcut_m3,random_multishortcut_m3_seed001,1,1,independent_p0.30,0.5,5,8,1,142,u0,u0,0,1,0.7,4,1,7,1,0.7,2,0.7,0.00785289871266,11.0823763984,17.8239647417,1
random_multishortcut_m3,random_multishortcut_m3_seed001,1,1,independent_p0.30,0.75,5,8,1,142,u0,u0,0,1,0.7,4,1,7,0,0,0,0,0,17.5642898493,24.6948046364,1
random_multishortcut_m3,random_multishortcut_m3_seed001,1,1,independent_p0.30,0.9,5,8,1,142,u0,u0,0,0,0,4,0,4,0,0,0,0,0,24.6948046364,24.6948046364,1
random_multishortcut_m3,random_multishortcut_m3_seed001,1,1,independent_p0.50,0.25,5,8,1,142,u0,u0,0,0,0,7,0,7,0,0,0,0,0,5.97799690345,9.06826432673,1
random_multishortcut_m3,random_multishortcut_m3_seed001,1,1,independent_p0.50,0.5,5,8,1,142,u0,u0,0,1,0.5,4,1,7,0,0,0,0,0,8.96699535518,24.6948046364,1
random_multishortcut_m3,random_multishortcut_m3_seed001,1,1,independent_p0.50,0.75,5,8,1,142,u0,u0,0,1,0.5,4,1,7,1,0.5,2,0.5,1.78498985089,15.6600073052,24.6948046364,1
random_multishortcut_m3,random_multishortcut_m3_seed001,1,1,independent_p0.50,0.9,5,8,1,142,u0,u0,0,0,0,4,0,4,0,0,0,0,0,24.6948046364,24.6948046364,1
random_multishortcut_m3,random_multishortcut_m3_seed001,1,1,independent_p0.70,0.25,5,8,1,142,u0,u0,0,0,0,7,0,7,0,0,0,0,0,3.0352660148,4.55170100864,1
random_multishortcut_m3,random_multishortcut_m3_seed001,1,1,independent_p0.70,0.5,5,8,1,142,u0,u0,0,0,0,7,0,7,0,0,0,0,0,4.5528990222,10.0784820327,1
random_multishortcut_m3,random_multishortcut_m3_seed001,1,1,independent_p0.70,0.75,5,8,1,142,u0,u0,0,1,0.3,4,1,7,0,0,0,0,0,8.65100136337,24.6948046364,1
random_multishortcut_m3,random_multishortcut_m3_seed001,1,1,independent_p0.70,0.9,5,8,1,142,u0,u0,0,1,0.3,4,1,7,1,0.3,2,0.3,1.78498985089,18.2165283008,24.6948046364,1
random_multishortcut_m3,random_multishortcut_m3_seed001,1,1,independent_p0.90,0.25,5,8,1,142,u0,u0,0,0,0,7,0,7,0,0,0,0,0,0.597089169292,0.733523317698,1
random_multishortcut_m3,random_multishortcut_m3_seed001,1,1,independent_p0.90,0.5,5,8,1,142,u0,u0,0,0,0,7,0,7,0,0,0,0,0,0.895633753937,1.42302912431,1
random_multishortcut_m3,random_multishortcut_m3_seed001,1,1,independent_p0.90,0.75,5,8,1,142,u0,u0,0,0,0,7,0,7,0,0,0,0,0,1.79126750787,4.78252313519,1
random_multishortcut_m3,random_multishortcut_m3_seed001,1,1,independent_p0.90,0.9,5,8,1,142,u0,u0,0,1,0.1,4,1,7,0,0,0,0,0,4.47816876969,24.6948046364,1
random_multishortcut_m3,random_multishortcut_m3_seed001,1,1,correlated_two_mode,0.25,5,8,1,142,u0,u0,0,0,0,7,0,7,0,0,0,0,0,3.71094710414,5.09792958402,1
random_multishortcut_m3,random_multishortcut_m3_seed001,1,1,correlated_two_mode,0.5,5,8,1,142,u0,u0,0,0,0,7,0,7,0,0,0,0,0,5.5664206562,10.9812740633,1
random_multishortcut_m3,random_multishortcut_m3_seed001,1,1,correlated_two_mode,0.75,5,8,1,142,u0,u0,0,0,0,7,0,7,0,0,0,0,0,9.00124024529,21.0741679189,1
random_multishortcut_m3,random_multishortcut_m3_seed001,1,1,correlated_two_mode,0.9,5,8,1,142,u0,u0,0,1,0.42905461256,4,1,7,1,0.42905461256,2,0.42905461256,2.24596593257,15.7231766067,24.6948046364,1
random_multishortcut_m3,random_multishortcut_m3_seed002,1,2,independent_p0.10,0.25,5,8,1,142,u0,u0,0,0,0,7,0,7,0,0,0,0,0,7.18713473364,7.71974127297,1
random_multishortcut_m3,random_multishortcut_m3_seed002,1,2,independent_p0.10,0.5,5,8,1,142,u0,u0,0,0,0,7,0,7,0,0,0,0,0,8.3224276201,9.12133742908,1
random_multishortcut_m3,random_multishortcut_m3_seed002,1,2,independent_p0.10,0.75,5,8,1,142,u0,u0,0,0,0,7,0,7,0,0,0,0,0,11.7283062795,13.3261258974,1
random_multishortcut_m3,random_multishortcut_m3_seed002,1,2,independent_p0.10,0.9,5,8,1,142,u0,u0,0,1,0.9,4,1,7,1,0.9,2,0.9,0.073106081173,21.9459422576,23.7649909871,1
random_multishortcut_m3,random_multishortcut_m3_seed002,1,2,independent_p0.30,0.25,5,8,1,142,u0,u0,0,0,0,7,0,7,0,0,0,0,0,8.03141261692,11.7637751366,1
random_multishortcut_m3,random_multishortcut_m3_seed002,1,2,independent_p0.30,0.5,5,8,1,142,u0,u0,0,0,0,7,0,7,0,0,0,0,0,11.0491552155,17.5309143658,1
random_multishortcut_m3,random_multishortcut_m3_seed002,1,2,independent_p0.30,0.75,5,8,1,142,u0,u0,0,1,0.7,4,1,7,0,0,0,0,0,17.2786270577,23.7649909871,1
random_multishortcut_m3,random_multishortcut_m3_seed002,1,2,independent_p0.30,0.9,5,8,1,142,u0,u0,0,0,0,4,0,4,0,0,0,0,0,23.7649909871,23.7649909871,1
random_multishortcut_m3,random_multishortcut_m3_seed002,1,2,independent_p0.50,0.25,5,8,1,142,u0,u0,0,0,0,7,0,7,0,0,0,0,0,5.97447646879,8.96887340412,1
random_multishortcut_m3,random_multishortcut_m3_seed002,1,2,independent_p0.50,0.5,5,8,1,142,u0,u0,0,1,0.5,4,1,7,0,0,0,0,0,8.96171470318,23.7649909871,1
random_multishortcut_m3,random_multishortcut_m3_seed002,1,2,independent_p0.50,0.75,5,8,1,142,u0,u0,0,1,0.5,4,1,7,1,0.5,2,0.5,2.17550031535,15.4285201316,23.7649909871,1
random_multishortcut_m3,random_multishortcut_m3_seed002,1,2,independent_p0.50,0.9,5,8,1,142,u0,u0,0,0,0,4,0,4,0,0,0,0,0,23.7649909871,23.7649909871,1
random_multishortcut_m3,random_multishortcut_m3_seed002,1,2,independent_p0.70,0.25,5,8,1,142,u0,u0,0,0,0,7,0,7,0,0,0,0,0,3.05457162892,4.52500144936,1
random_multishortcut_m3,random_multishortcut_m3_seed002,1,2,independent_p0.70,0.5,5,8,1,142,u0,u0,0,0,0,7,0,7,0,0,0,0,0,4.58185744339,9.93735509484,1
random_multishortcut_m3,random_multishortcut_m3_seed002,1,2,independent_p0.70,0.75,5,8,1,142,u0,u0,0,1,0.3,4,1,7,0,0,0,0,0,8.66473303182,23.7649909871,1
random_multishortcut_m3,random_multishortcut_m3_seed002,1,2,independent_p0.70,0.9,5,8,1,142,u0,u0,0,1,0.3,4,1,7,1,0.3,2,0.3,2.17550031535,17.9194686674,23.7649909871,1
random_multishortcut_m3,random_multishortcut_m3_seed002,1,2,independent_p0.90,0.25,5,8,1,142,u0,u0,0,0,0,7,0,7,0,0,0,0,0,0.617230407213,0.749464917126,1
random_multishortcut_m3,random_multishortcut_m3_seed002,1,2,independent_p0.90,0.5,5,8,1,142,u0,u0,0,0,0,7,0,7,0,0,0,0,0,0.92584561082,1.43680513606,1
random_multishortcut_m3,random_multishortcut_m3_seed002,1,2,independent_p0.90,0.75,5,8,1,142,u0,u0,0,0,0,7,0,7,0,0,0,0,0,1.85169122164,4.74925683434,1
random_multishortcut_m3,random_multishortcut_m3_seed002,1,2,independent_p0.90,0.9,5,8,1,142,u0,u0,0,1,0.1,4,1,7,1,0.1,2,0.1,0.073106081173,4.6292280541,23.7649909871,1
random_multishortcut_m3,random_multishortcut_m3_seed002,1,2,correlated_two_mode,0.25,5,8,1,142,u0,u0,0,0,0,7,0,7,0,0,0,0,0,4.73281896313,6.37572566303,1
random_multishortcut_m3,random_multishortcut_m3_seed002,1,2,correlated_two_mode,0.5,5,8,1,142,u0,u0,0,1,0.440705545608,7,1,9,1,0.440705545608,1,0.440705545608,2.49490927474,6.80335987629,10.533046747,1
random_multishortcut_m3,random_multishortcut_m3_seed002,1,2,correlated_two_mode,0.75,5,8,1,142,u0,u0,0,0,0,7,0,7,0,0,0,0,0,9.54349328275,16.1495445334,1
random_multishortcut_m3,random_multishortcut_m3_seed002,1,2,correlated_two_mode,0.9,5,8,1,142,u0,u0,0,1,0.559294454392,4,1,7,1,0.559294454392,2,0.559294454392,1.83361679644,16.4839097658,23.7649909871,1
random_multishortcut_m3,random_multishortcut_m3_seed003,1,3,independent_p0.10,0.25,5,8,1,142,u0,u0,0,0,0,7,0,7,0,0,0,0,0,6.85374094538,7.4510067479,1
random_multishortcut_m3,random_multishortcut_m3_seed003,1,3,independent_p0.10,0.5,5,8,1,142,u0,u0,0,0,0,7,0,7,0,0,0,0,0,8.126860156,9.02275885977,1
random_multishortcut_m3,random_multishortcut_m3_seed003,1,3,independent_p0.10,0.75,5,8,1,142,u0,u0,0,0,0,7,0,7,0,0,0,0,0,11.9462177879,13.7380151954,1
random_multishortcut_m3,random_multishortcut_m3_seed003,1,3,independent_p0.10,0.9,5,8,1,142,u0,g,1,1,1,1,1,7,0,0,0,0,0,23.4042906834,25.7304858969,1
random_multishortcut_m3,random_multishortcut_m3_seed003,1,3,independent_p0.30,0.25,5,8,1,142,u1,u1,0,0,0,7,0,7,0,0,0,0,0,7.93178786413,12.0833951159,1
random_multishortcut_m3,random_multishortcut_m3_seed003,1,3,independent_p0.30,0.5,5,8,1,142,u1,u0,1,1,1,2,1,7,0,0,0,0,0,11.1859600509,18.453271531,1
random_multishortcut_m3,random_multishortcut_m3_seed003,1,3,independent_p0.30,0.75,5,8,1,142,u0,g,1,1,1,1,1,7,0,0,0,0,0,18.1703561509,25.7304858969,1
random_multishortcut_m3,random_multishortcut_m3_seed003,1,3,independent_p0.30,0.9,5,8,1,142,g,g,0,0,0,1,0,1,0,0,0,0,0,25.7304858969,25.7304858969,1
random_multishortcut_m3,random_multishortcut_m3_seed003,1,3,independent_p0.50,0.25,5,8,1,142,u1,u1,0,0,0,7,0,7,0,0,0,0,0,6.07858207905,9.37558892438,1
random_multishortcut_m3,random_multishortcut_m3_seed003,1,3,independent_p0.50,0.5,5,8,1,142,u1,g,1,1,1,1,1,7,0,0,0,0,0,8.87734077811,25.7304858969,1
random_multishortcut_m3,random_multishortcut_m3_seed003,1,3,independent_p0.50,0.75,5,8,1,142,u0,g,1,1,1,1,1,7,0,0,0,0,0,16.0956433632,25.7304858969,1
random_multishortcut_m3,random_multishortcut_m3_seed003,1,3,independent_p0.50,0.9,5,8,1,142,g,g,0,0,0,1,0,1,0,0,0,0,0,25.7304858969,25.7304858969,1
random_multishortcut_m3,random_multishortcut_m3_seed003,1,3,independent_p0.70,0.25,5,8,1,142,u0,u0,0,0,0,7,0,7,0,0,0,0,0,3.23887797657,4.84555657393,1
random_multishortcut_m3,random_multishortcut_m3_seed003,1,3,independent_p0.70,0.5,5,8,1,142,u1,u1,0,0,0,7,0,7,0,0,0,0,0,4.63518385922,10.6287573515,1
random_multishortcut_m3,random_multishortcut_m3_seed003,1,3,independent_p0.70,0.75,5,8,1,142,u1,g,1,1,1,1,1,7,0,0,0,0,0,8.55370833511,25.7304858969,1
random_multishortcut_m3,random_multishortcut_m3_seed003,1,3,independent_p0.70,0.9,5,8,1,142,u1,g,1,1,1,1,1,7,1,0.3,2,0.3,0.494260112349,18.8957135482,25.7304858969,1
random_multishortcut_m3,random_multishortcut_m3_seed003,1,3,independent_p0.90,0.25,5,8,1,142,u0,u0,0,0,0,7,0,7,0,0,0,0,0,0.658164466861,0.801756486303,1
random_multishortcut_m3,random_multishortcut_m3_seed003,1,3,independent_p0.90,0.5,5,8,1,142,u0,u0,0,0,0,7,0,7,0,0,0,0,0,0.987246700291,1.53910566107,1
random_multishortcut_m3,random_multishortcut_m3_seed003,1,3,independent_p0.90,0.75,5,8,1,142,u1,u0,1,1,1,2,1,7,0,0,0,0,0,1.90693879942,5.09703691183,1
random_multishortcut_m3,random_multishortcut_m3_seed003,1,3,independent_p0.90,0.9,5,8,1,142,u1,g,1,1,1,1,1,7,0,0,0,0,0,4.04574997717,25.7304858969,1
random_multishortcut_m3,random_multishortcut_m3_seed003,1,3,correlated_two_mode,0.25,5,8,1,142,u1,u1,0,0,0,7,0,7,0,0,0,0,0,4.67732129236,6.43316615461,1
random_multishortcut_m3,random_multishortcut_m3_seed003,1,3,correlated_two_mode,0.5,5,8,1,142,u2,u2,0,0,0,7,0,7,0,0,0,0,0,6.62518811592,12.3380118102,1
random_multishortcut_m3,random_multishortcut_m3_seed003,1,3,correlated_two_mode,0.75,5,8,1,142,u2,u1,1,1,1,2,1,7,0,0,0,0,0,10.0986680841,21.68106404,1
random_multishortcut_m3,random_multishortcut_m3_seed003,1,3,correlated_two_mode,0.9,5,8,1,142,u2,g,1,1,1,1,1,7,1,0.474166626725,2,0.474166626725,1.65903819302,19.089739363,25.7304858969,1
random_multishortcut_m3,random_multishortcut_m3_seed004,1,4,independent_p0.10,0.25,5,8,1,142,u0,u0,0,0,0,7,0,7,0,0,0,0,0,7.22711735438,7.84943840873,1
random_multishortcut_m3,random_multishortcut_m3_seed004,1,4,independent_p0.10,0.5,5,8,1,142,u0,u0,0,0,0,7,0,7,0,0,0,0,0,8.55364381234,9.48712539387,1
random_multishortcut_m3,random_multishortcut_m3_seed004,1,4,independent_p0.10,0.75,5,8,1,142,u0,u0,0,0,0,7,0,7,0,0,0,0,0,12.5332231862,14.4001863493,1
random_multishortcut_m3,random_multishortcut_m3_seed004,1,4,independent_p0.10,0.9,5,8,1,142,u0,g,1,1,1,1,1,7,0,0,0,0,0,24.4719613078,26.9209401879,1
random_multishortcut_m3,random_multishortcut_m3_seed004,1,4,independent_p0.30,0.25,5,8,1,142,u0,u0,0,0,0,7,0,7,0,0,0,0,0,8.30018729462,12.6546065069,1
random_multishortcut_m3,random_multishortcut_m3_seed004,1,4,independent_p0.30,0.5,5,8,1,142,u0,u0,0,0,0,7,0,7,0,0,0,0,0,11.7402826678,19.3132473047,1
random_multishortcut_m3,random_multishortcut_m3_seed004,1,4,independent_p0.30,0.75,5,8,1,142,u0,g,1,1,1,1,1,7,0,0,0,0,0,19.0184636473,26.9209401879,1
random_multishortcut_m3,random_multishortcut_m3_seed004,1,4,independent_p0.30,0.9,5,8,1,142,g,g,0,0,0,1,0,1,0,0,0,0,0,26.9209401879,26.9209401879,1
random_multishortcut_m3,random_multishortcut_m3_seed004,1,4,independent_p0.50,0.25,5,8,1,142,u0,u0,0,0,0,7,0,7,0,0,0,0,0,6.2105708374,9.70596983663,1
random_multishortcut_m3,random_multishortcut_m3_seed004,1,4,independent_p0.50,0.5,5,8,1,142,u0,g,1,1,1,1,1,7,0,0,0,0,0,9.3158562561,26.9209401879,1
random_multishortcut_m3,random_multishortcut_m3_seed004,1,4,independent_p0.50,0.75,5,8,1,142,u0,g,1,1,1,1,1,7,1,0.5,2,0.5,1.47979982364,16.856716827,26.9209401879,1
random_multishortcut_m3,random_multishortcut_m3_seed004,1,4,independent_p0.50,0.9,5,8,1,142,g,g,0,0,0,1,0,1,0,0,0,0,0,26.9209401879,26.9209401879,1
random_multishortcut_m3,random_multishortcut_m3_seed004,1,4,independent_p0.70,0.25,5,8,1,142,u0,u0,0,0,0,7,0,7,0,0,0,0,0,3.10937212575,4.82626812131,1
random_multishortcut_m3,random_multishortcut_m3_seed004,1,4,independent_p0.70,0.5,5,8,1,142,u0,u0,0,0,0,7,0,7,0,0,0,0,0,4.66405818863,10.916171882,1
random_multishortcut_m3,random_multishortcut_m3_seed004,1,4,independent_p0.70,0.75,5,8,1,142,u0,g,1,1,1,1,1,7,0,0,0,0,0,8.9731172402,26.9209401879,1
random_multishortcut_m3,random_multishortcut_m3_seed004,1,4,independent_p0.70,0.9,5,8,1,142,u0,g,1,1,1,1,1,7,1,0.3,2,0.3,1.47979982364,19.7702995726,26.9209401879,1
random_multishortcut_m3,random_multishortcut_m3_seed004,1,4,independent_p0.90,0.25,5,8,1,142,u0,u0,0,0,0,7,0,7,0,0,0,0,0,0.568770665399,0.723143843014,1
random_multishortcut_m3,random_multishortcut_m3_seed004,1,4,independent_p0.90,0.5,5,8,1,142,u0,u0,0,0,0,7,0,7,0,0,0,0,0,0.853155998099,1.44957407826,1
random_multishortcut_m3,random_multishortcut_m3_seed004,1,4,independent_p0.90,0.75,5,8,1,142,u0,u0,0,0,0,7,0,7,0,0,0,0,0,1.7063119962,5.08829803893,1
random_multishortcut_m3,random_multishortcut_m3_seed004,1,4,independent_p0.90,0.9,5,8,1,142,u0,g,1,1,1,1,1,7,0,0,0,0,0,4.26577999049,26.9209401879,1
random_multishortcut_m3,random_multishortcut_m3_seed004,1,4,correlated_two_mode,0.25,5,8,1,142,u0,u0,0,0,0,7,0,7,0,0,0,0,0,4.92973324186,6.73022972809,1
random_multishortcut_m3,random_multishortcut_m3_seed004,1,4,correlated_two_mode,0.5,5,8,1,142,u0,u0,0,0,0,7,0,7,0,0,0,0,0,7.07380930065,10.5381257241,1
random_multishortcut_m3,random_multishortcut_m3_seed004,1,4,correlated_two_mode,0.75,5,8,1,142,u0,u0,0,0,0,7,0,7,0,0,0,0,0,10.0405764249,16.5021870097,1
random_multishortcut_m3,random_multishortcut_m3_seed004,1,4,correlated_two_mode,0.9,5,8,1,142,u0,g,1,1,1,1,1,7,1,0.590363758291,2,0.590363758291,0.0634092106188,18.2403444047,26.9209401879,1
random_multishortcut_m3,random_multishortcut_m3_seed005,1,5,independent_p0.10,0.25,5,8,1,142,u1,u1,0,0,0,4,0,4,1,0.9,2,0.9,0.101896457956,7.4317766244,8.00479261312,1
random_multishortcut_m3,random_multishortcut_m3_seed005,1,5,independent_p0.10,0.5,5,8,1,142,u1,u0,1,1,1,1,1,7,1,0.9,2,0.9,0.0111800090658,8.86853595411,9.71530769248,1
random_multishortcut_m3,random_multishortcut_m3_seed005,1,5,independent_p0.10,0.75,5,8,1,142,u1,u0,1,1,1,2,1,7,0,0,0,0,0,12.4687656322,14.1563688856,1
random_multishortcut_m3,random_multishortcut_m3_seed005,1,5,independent_p0.10,0.9,5,8,1,142,g,g,0,0,0,1,0,1,0,0,0,0,0,22.9914237846,22.9914237846,1
random_multishortcut_m3,random_multishortcut_m3_seed005,1,5,independent_p0.30,0.25,5,8,1,142,u1,u1,0,0,0,7,0,7,0,0,0,0,0,8.48555595961,12.4935340445,1
random_multishortcut_m3,random_multishortcut_m3_seed005,1,5,independent_p0.30,0.5,5,8,1,142,u1,u0,1,1,1,2,1,7,0,0,0,0,0,11.7426141778,18.5974300788,1
random_multishortcut_m3,random_multishortcut_m3_seed005,1,5,independent_p0.30,0.75,5,8,1,142,u1,g,1,1,1,1,1,7,0,0,0,0,0,18.3309664072,22.9914237846,1
random_multishortcut_m3,random_multishortcut_m3_seed005,1,5,independent_p0.30,0.9,5,8,1,142,g,g,0,0,0,1,0,1,0,0,0,0,0,22.9914237846,22.9914237846,1
random_multishortcut_m3,random_multishortcut_m3_seed005,1,5,independent_p0.50,0.25,5,8,1,142,u0,u0,0,0,0,7,0,7,0,0,0,0,0,6.45883775187,9.59004030957,1
random_multishortcut_m3,random_multishortcut_m3_seed005,1,5,independent_p0.50,0.5,5,8,1,142,u1,g,1,1,1,1,1,7,0,0,0,0,0,9.32576610408,22.9914237846,1
random_multishortcut_m3,random_multishortcut_m3_seed005,1,5,independent_p0.50,0.75,5,8,1,142,u1,g,1,1,1,1,1,7,1,0.5,2,0.5,2.21349595457,16.3768994822,22.9914237846,1
random_multishortcut_m3,random_multishortcut_m3_seed005,1,5,independent_p0.50,0.9,5,8,1,142,g,g,0,0,0,1,0,1,0,0,0,0,0,22.9914237846,22.9914237846,1
random_multishortcut_m3,random_multishortcut_m3_seed005,1,5,independent_p0.70,0.25,5,8,1,142,u0,u0,0,0,0,7,0,7,0,0,0,0,0,3.33804713759,4.87977910306,1
random_multishortcut_m3,random_multishortcut_m3_seed005,1,5,independent_p0.70,0.5,5,8,1,142,u1,u0,1,1,1,2,1,7,0,0,0,0,0,5.00604535144,10.612546193,1
random_multishortcut_m3,random_multishortcut_m3_seed005,1,5,independent_p0.70,0.75,5,8,1,142,u1,g,1,1,1,1,1,7,0,0,0,0,0,8.95023078774,22.9914237846,1
random_multishortcut_m3,random_multishortcut_m3_seed005,1,5,independent_p0.70,0.9,5,8,1,142,u1,g,1,1,1,1,1,7,1,0.3,2,0.3,2.21349595457,18.9636278804,22.9914237846,1
random_multishortcut_m3,random_multishortcut_m3_seed005,1,5,independent_p0.90,0.25,5,8,1,142,u0,u0,0,0,0,7,0,7,0,0,0,0,0,0.696740611053,0.835147413193,1
random_multishortcut_m3,random_multishortcut_m3_seed005,1,5,independent_p0.90,0.5,5,8,1,142,u0,u0,0,0,0,7,0,7,0,0,0,0,0,1.04511091658,1.57912030235,1
random_multishortcut_m3,random_multishortcut_m3_seed005,1,5,independent_p0.90,0.75,5,8,1,142,u0,u0,0,0,0,7,0,7,0,0,0,0,0,2.09022183316,5.11663570003,1
random_multishortcut_m3,random_multishortcut_m3_seed005,1,5,independent_p0.90,0.9,5,8,1,142,u1,g,1,1,1,1,1,7,0,0,0,0,0,4.57307164021,22.9914237846,1
random_multishortcut_m3,random_multishortcut_m3_seed005,1,5,correlated_two_mode,0.25,5,8,1,142,u0,u0,0,0,0,7,0,7,0,0,0,0,0,5.1802295184,7.14620778232,1
random_multishortcut_m3,random_multishortcut_m3_seed005,1,5,correlated_two_mode,0.5,5,8,1,142,u1,u0,1,1,1,2,1,7,0,0,0,0,0,7.54756788996,13.6890143355,1
random_multishortcut_m3,random_multishortcut_m3_seed005,1,5,correlated_two_mode,0.75,5,8,1,142,u1,u0,1,1,1,2,1,7,0,0,0,0,0,11.4308358476,22.1037821717,1
random_multishortcut_m3,random_multishortcut_m3_seed005,1,5,correlated_two_mode,0.9,5,8,1,142,u1,g,1,1,1,1,1,7,1,0.536639272897,2,0.536639272897,2.21349595457,20.66571987,22.9914237846,1
random_multishortcut_m3,random_multishortcut_m3_seed006,1,6,independent_p0.10,0.25,5,8,1,142,u2,u0,1,1,1,1,1,7,0,0,0,0,0,6.67312474743,7.22787897474,1
random_multishortcut_m3,random_multishortcut_m3_seed006,1,6,independent_p0.10,0.5,5,8,1,142,u0,u0,0,0,0,7,0,7,0,0,0,0,0,7.85354294345,8.6829114601,1
random_multishortcut_m3,random_multishortcut_m3_seed006,1,6,independent_p0.10,0.75,5,8,1,142,u0,u0,0,0,0,7,0,7,0,0,0,0,0,11.3892718829,13.0480089162,1
random_multishortcut_m3,random_multishortcut_m3_seed006,1,6,independent_p0.10,0.9,5,8,1,142,u0,u0,0,1,0.9,4,1,7,1,0.9,2,0.9,0.0978493418705,21.9964587011,23.8629032145,1
random_multishortcut_m3,random_multishortcut_m3_seed006,1,6,independent_p0.30,0.25,5,8,1,142,u0,u0,0,0,0,7,0,7,0,0,0,0,0,7.59817161374,11.477244276,1
random_multishortcut_m3,random_multishortcut_m3_seed006,1,6,independent_p0.30,0.5,5,8,1,142,u0,u0,0,0,0,7,0,7,0,0,0,0,0,10.6838227194,17.4131063722,1
random_multishortcut_m3,random_multishortcut_m3_seed006,1,6,independent_p0.30,0.75,5,8,1,142,u0,u0,0,1,0.7,4,1,7,0,0,0,0,0,17.1512005249,23.8629032145,1
random_multishortcut_m3,random_multishortcut_m3_seed006,1,6,independent_p0.30,0.9,5,8,1,142,u0,u0,0,0,0,4,0,4,0,0,0,0,0,23.8629032145,23.8629032145,1
random_multishortcut_m3,random_multishortcut_m3_seed006,1,6,independent_p0.50,0.25,5,8,1,142,u0,u0,0,0,0,7,0,7,0,0,0,0,0,5.67138146572,8.78219210403,1
random_multishortcut_m3,random_multishortcut_m3_seed006,1,6,independent_p0.50,0.5,5,8,1,142,u0,u0,0,1,0.5,4,1,7,0,0,0,0,0,8.50707219858,23.8629032145,1
random_multishortcut_m3,random_multishortcut_m3_seed006,1,6,independent_p0.50,0.75,5,8,1,142,u0,u0,0,1,0.5,4,1,7,1,0.5,2,0.5,2.28039806991,15.2305576442,23.8629032145,1
random_multishortcut_m3,random_multishortcut_m3_seed006,1,6,independent_p0.50,0.9,5,8,1,142,u0,u0,0,0,0,4,0,4,0,0,0,0,0,23.8629032145,23.8629032145,1
random_multishortcut_m3,random_multishortcut_m3_seed006,1,6,independent_p0.70,0.25,5,8,1,142,u0,u0,0,0,0,7,0,7,0,0,0,0,0,2.85088290286,4.37818382855,1
random_multishortcut_m3,random_multishortcut_m3_seed006,1,6,independent_p0.70,0.5,5,8,1,142,u0,u0,0,0,0,7,0,7,0,0,0,0,0,4.27632435429,9.83964928308,1
random_multishortcut_m3,random_multishortcut_m3_seed006,1,6,independent_p0.70,0.75,5,8,1,142,u0,u0,0,1,0.3,4,1,7,0,0,0,0,0,8.19593135799,23.8629032145,1
random_multishortcut_m3,random_multishortcut_m3_seed006,1,6,independent_p0.70,0.9,5,8,1,142,u0,u0,0,1,0.3,4,1,7,1,0.3,2,0.3,2.28039806991,17.8144482655,23.8629032145,1
random_multishortcut_m3,random_multishortcut_m3_seed006,1,6,independent_p0.90,0.25,5,8,1,142,u0,u0,0,0,0,7,0,7,0,0,0,0,0,0.533507111105,0.670873158729,1
random_multishortcut_m3,random_multishortcut_m3_seed006,1,6,independent_p0.90,0.5,5,8,1,142,u0,u0,0,0,0,7,0,7,0,0,0,0,0,0.800260666657,1.33110593185,1
random_multishortcut_m3,random_multishortcut_m3_seed006,1,6,independent_p0.90,0.75,5,8,1,142,u0,u0,0,0,0,7,0,7,0,0,0,0,0,1.60052133331,4.61098902621,1
random_multishortcut_m3,random_multishortcut_m3_seed006,1,6,independent_p0.90,0.9,5,8,1,142,u0,u0,0,1,0.1,4,1,7,1,0.1,2,0.1,0.0978493418705,4.00130333329,23.8629032145,1
random_multishortcut_m3,random_multishortcut_m3_seed006,1,6,correlated_two_mode,0.25,5,8,1,142,u0,u0,0,0,0,7,0,7,0,0,0,0,0,4.19947804319,5.77647692101,1
random_multishortcut_m3,random_multishortcut_m3_seed006,1,6,correlated_two_mode,0.5,5,8,1,142,u0,u0,0,0,0,7,0,7,0,0,0,0,0,6.15491691041,9.86534985181,1
random_multishortcut_m3,random_multishortcut_m3_seed006,1,6,correlated_two_mode,0.75,5,8,1,142,u0,u0,0,0,0,7,0,7,0,0,0,0,0,8.8864147566,15.4128856996,1
random_multishortcut_m3,random_multishortcut_m3_seed006,1,6,correlated_two_mode,0.9,5,8,1,142,u0,u0,0,1,0.540452238765,4,1,7,1,0.540452238765,2,0.540452238765,1.58814155854,15.7393158855,23.8629032145,1
random_multishortcut_m3,random_multishortcut_m3_seed007,1,7,independent_p0.10,0.25,5,8,1,142,u0,u0,0,0,0,7,0,7,0,0,0,0,0,6.59685043008,7.18239802652,1
random_multishortcut_m3,random_multishortcut_m3_seed007,1,7,independent_p0.10,0.5,5,8,1,142,u0,u0,0,0,0,7,0,7,0,0,0,0,0,7.84499135933,8.72331275399,1
random_multishortcut_m3,random_multishortcut_m3_seed007,1,7,independent_p0.10,0.75,5,8,1,142,u0,u0,0,0,0,7,0,7,0,0,0,0,0,11.5894141471,13.3460569364,1
random_multishortcut_m3,random_multishortcut_m3_seed007,1,7,independent_p0.10,0.9,5,8,1,142,u0,g,1,1,1,1,1,7,0,0,0,0,0,22.8226825103,26.6687749688,1
random_multishortcut_m3,random_multishortcut_m3_seed007,1,7,independent_p0.30,0.25,5,8,1,142,u0,u0,0,0,0,7,0,7,0,0,0,0,0,7.82157190558,11.7619528142,1
random_multishortcut_m3,random_multishortcut_m3_seed007,1,7,independent_p0.30,0.5,5,8,1,142,u1,u0,1,1,1,2,1,7,0,0,0,0,0,10.8522707716,17.9688011188,1
random_multishortcut_m3,random_multishortcut_m3_seed007,1,7,independent_p0.30,0.75,5,8,1,142,u0,g,1,1,1,1,1,7,0,0,0,0,0,17.6914364678,26.6687749688,1
random_multishortcut_m3,random_multishortcut_m3_seed007,1,7,independent_p0.30,0.9,5,8,1,142,g,g,0,0,0,1,0,1,0,0,0,0,0,26.6687749688,26.6687749688,1
random_multishortcut_m3,random_multishortcut_m3_seed007,1,7,independent_p0.50,0.25,5,8,1,142,u0,u0,0,0,0,7,0,7,0,0,0,0,0,5.94800547752,9.15689313278,1
random_multishortcut_m3,random_multishortcut_m3_seed007,1,7,independent_p0.50,0.5,5,8,1,142,u1,g,1,1,1,1,1,7,0,0,0,0,0,8.7857050971,26.6687749688,1
random_multishortcut_m3,random_multishortcut_m3_seed007,1,7,independent_p0.50,0.75,5,8,1,142,u0,g,1,1,1,1,1,7,0,0,0,0,0,15.6574290276,26.6687749688,1
random_multishortcut_m3,random_multishortcut_m3_seed007,1,7,independent_p0.50,0.9,5,8,1,142,g,g,0,0,0,1,0,1,0,0,0,0,0,26.6687749688,26.6687749688,1
random_multishortcut_m3,random_multishortcut_m3_seed007,1,7,independent_p0.70,0.25,5,8,1,142,u0,u0,0,0,0,7,0,7,0,0,0,0,0,3.04586525859,4.63252093817,1
random_multishortcut_m3,random_multishortcut_m3_seed007,1,7,independent_p0.70,0.5,5,8,1,142,u0,u0,0,0,0,7,0,7,0,0,0,0,0,4.56879788789,10.3219251913,1
random_multishortcut_m3,random_multishortcut_m3_seed007,1,7,independent_p0.70,0.75,5,8,1,142,u1,g,1,1,1,1,1,7,0,0,0,0,0,8.52581030223,26.6687749688,1
random_multishortcut_m3,random_multishortcut_m3_seed007,1,7,independent_p0.70,0.9,5,8,1,142,u1,g,1,1,1,1,1,7,0,0,0,0,0,18.4435540057,26.6687749688,1
random_multishortcut_m3,random_multishortcut_m3_seed007,1,7,independent_p0.90,0.25,5,8,1,142,u0,u0,0,0,0,7,0,7,0,0,0,0,0,0.594429387162,0.736481913172,1
random_multishortcut_m3,random_multishortcut_m3_seed007,1,7,independent_p0.90,0.5,5,8,1,142,u0,u0,0,0,0,7,0,7,0,0,0,0,0,0.891644080743,1.43842556414,1
random_multishortcut_m3,random_multishortcut_m3_seed007,1,7,independent_p0.90,0.75,5,8,1,142,u0,u0,0,0,0,7,0,7,0,0,0,0,0,1.78328816149,4.87906729457,1
random_multishortcut_m3,random_multishortcut_m3_seed007,1,7,independent_p0.90,0.9,5,8,1,142,u1,g,1,1,1,1,1,7,0,0,0,0,0,4.21287478919,26.6687749688,1
random_multishortcut_m3,random_multishortcut_m3_seed007,1,7,correlated_two_mode,0.25,5,8,1,142,u0,u0,0,0,0,7,0,7,0,0,0,0,0,4.95475289463,6.56468845882,1
random_multishortcut_m3,random_multishortcut_m3_seed007,1,7,correlated_two_mode,0.5,5,8,1,142,u2,u0,1,1,1,2,1,7,0,0,0,0,0,6.91882045006,10.5106350603,1
random_multishortcut_m3,random_multishortcut_m3_seed007,1,7,correlated_two_mode,0.75,5,8,1,142,u2,u0,1,1,1,2,1,7,0,0,0,0,0,9.79873186044,16.8419820439,1
random_multishortcut_m3,random_multishortcut_m3_seed007,1,7,correlated_two_mode,0.9,5,8,1,142,u2,g,1,1,1,1,1,7,0,0,0,0,0,18.2278975361,26.6687749688,1
random_multishortcut_m3,random_multishortcut_m3_seed008,1,8,independent_p0.10,0.25,5,8,1,142,u0,u0,0,0,0,7,0,7,0,0,0,0,0,7.25113276655,7.79069486597,1
random_multishortcut_m3,random_multishortcut_m3_seed008,1,8,independent_p0.10,0.5,5,8,1,142,u0,u0,0,0,0,7,0,7,0,0,0,0,0,8.40125197848,9.21059512762,1
random_multishortcut_m3,random_multishortcut_m3_seed008,1,8,independent_p0.10,0.75,5,8,1,142,u0,u0,0,0,0,7,0,7,0,0,0,0,0,11.8516096143,13.4702959126,1
random_multishortcut_m3,random_multishortcut_m3_seed008,1,8,independent_p0.10,0.9,5,8,1,142,u0,u0,0,0,0,7,0,7,0,0,0,0,0,22.2026825217,26.2493982674,1
random_multishortcut_m3,random_multishortcut_m3_seed008,1,8,independent_p0.30,0.25,5,8,1,142,u0,u0,0,0,0,7,0,7,0,0,0,0,0,8.01908706507,11.8696791043,1
random_multishortcut_m3,random_multishortcut_m3_seed008,1,8,independent_p0.30,0.5,5,8,1,142,u0,u0,0,1,0.3,7,1,9,1,0.3,1,0.3,2.17855711406,11.157207752,17.7299966975,1
random_multishortcut_m3,random_multishortcut_m3_seed008,1,8,independent_p0.30,0.75,5,8,1,142,u0,u0,0,0,0,7,0,7,0,0,0,0,0,17.4744146504,26.2493982674,1
random_multishortcut_m3,random_multishortcut_m3_seed008,1,8,independent_p0.30,0.9,5,8,1,142,u0,u0,0,0,0,7,0,7,0,0,0,0,0,26.2493982674,26.2493982674,1
random_multishortcut_m3,random_multishortcut_m3_seed008,1,8,independent_p0.50,0.25,5,8,1,142,u0,u0,0,0,0,7,0,7,0,0,0,0,0,5.92623447304,8.99518911831,1
random_multishortcut_m3,random_multishortcut_m3_seed008,1,8,independent_p0.50,0.5,5,8,1,142,u0,u0,0,1,0.5,7,1,9,1,0.5,1,0.5,2.17855711406,8.88935170956,26.2493982674,1
random_multishortcut_m3,random_multishortcut_m3_seed008,1,8,independent_p0.50,0.75,5,8,1,142,u1,u0,1,1,1,2,1,7,0,0,0,0,0,15.6001463051,26.2493982674,1
random_multishortcut_m3,random_multishortcut_m3_seed008,1,8,independent_p0.50,0.9,5,8,1,142,u0,u0,0,0,0,7,0,7,0,0,0,0,0,26.2493982674,26.2493982674,1
random_multishortcut_m3,random_multishortcut_m3_seed008,1,8,independent_p0.70,0.25,5,8,1,142,u0,u0,0,0,0,7,0,7,0,0,0,0,0,2.99317764274,4.4955733883,1
random_multishortcut_m3,random_multishortcut_m3_seed008,1,8,independent_p0.70,0.5,5,8,1,142,u0,u0,0,0,0,7,0,7,0,0,0,0,0,4.48976646411,9.97263708365,1
random_multishortcut_m3,random_multishortcut_m3_seed008,1,8,independent_p0.70,0.75,5,8,1,142,u0,u0,0,0,0,7,0,7,0,0,0,0,0,8.5438215054,26.2493982674,1
random_multishortcut_m3,random_multishortcut_m3_seed008,1,8,independent_p0.70,0.9,5,8,1,142,u0,u0,0,0,0,7,0,7,0,0,0,0,0,18.0917180924,26.2493982674,1
random_multishortcut_m3,random_multishortcut_m3_seed008,1,8,independent_p0.90,0.25,5,8,1,142,u0,u0,0,0,0,7,0,7,0,0,0,0,0,0.583020825353,0.718400346824,1
random_multishortcut_m3,random_multishortcut_m3_seed008,1,8,independent_p0.90,0.5,5,8,1,142,u0,u0,0,0,0,7,0,7,0,0,0,0,0,0.87453123803,1.39854506895,1
random_multishortcut_m3,random_multishortcut_m3_seed008,1,8,independent_p0.90,0.75,5,8,1,142,u0,u0,0,0,0,7,0,7,0,0,0,0,0,1.74906247606,4.72275743016,1
random_multishortcut_m3,random_multishortcut_m3_seed008,1,8,independent_p0.90,0.9,5,8,1,142,u0,u0,0,0,0,7,0,7,0,0,0,0,0,4.37265619015,26.2493982674,1
random_multishortcut_m3,random_multishortcut_m3_seed008,1,8,correlated_two_mode,0.25,5,8,1,142,u0,u1,1,1,1,2,1,7,0,0,0,0,0,3.73359512398,5.1147720716,1
random_multishortcut_m3,random_multishortcut_m3_seed008,1,8,correlated_two_mode,0.5,5,8,1,142,u1,u1,0,0,0,7,0,7,0,0,0,0,0,5.56212284251,9.72039423301,1
random_multishortcut_m3,random_multishortcut_m3_seed008,1,8,correlated_two_mode,0.75,5,8,1,142,u0,u0,0,0,0,7,0,7,0,0,0,0,0,8.90997002409,18.6858270009,1
random_multishortcut_m3,random_multishortcut_m3_seed008,1,8,correlated_two_mode,0.9,5,8,1,142,u0,u0,0,0,0,7,0,7,0,0,0,0,0,14.8485835462,26.2493982674,1
random_multishortcut_m3,random_multishortcut_m3_seed009,1,9,independent_p0.10,0.25,5,8,1,142,u0,u0,0,0,0,7,0,7,0,0,0,0,0,7.11539376919,7.74673906893,1
random_multishortcut_m3,random_multishortcut_m3_seed009,1,9,independent_p0.10,0.5,5,8,1,142,u0,u0,0,0,0,7,0,7,0,0,0,0,0,8.46115611864,9.40817406826,1
random_multishortcut_m3,random_multishortcut_m3_seed009,1,9,independent_p0.10,0.75,5,8,1,142,u0,u0,0,0,0,7,0,7,0,0,0,0,0,12.498443167,14.3924790662,1
random_multishortcut_m3,random_multishortcut_m3_seed009,1,9,independent_p0.10,0.9,5,8,1,142,u0,g,1,1,1,1,1,7,0,0,0,0,0,24.6103043121,26.1929005237,1
random_multishortcut_m3,random_multishortcut_m3_seed009,1,9,independent_p0.30,0.25,5,8,1,142,u0,u0,0,0,0,7,0,7,0,0,0,0,0,8.41868997945,12.6823070891,1
random_multishortcut_m3,random_multishortcut_m3_seed009,1,9,independent_p0.30,0.5,5,8,1,142,u2,u0,1,1,1,2,1,7,0,0,0,0,0,11.7065368503,19.3767840642,1
random_multishortcut_m3,random_multishortcut_m3_seed009,1,9,independent_p0.30,0.75,5,8,1,142,u0,g,1,1,1,1,1,7,0,0,0,0,0,19.0777257643,26.1929005237,1
random_multishortcut_m3,random_multishortcut_m3_seed009,1,9,independent_p0.30,0.9,5,8,1,142,g,g,0,0,0,1,0,1,0,0,0,0,0,26.1929005237,26.1929005237,1
random_multishortcut_m3,random_multishortcut_m3_seed009,1,9,independent_p0.50,0.25,5,8,1,142,u0,u0,0,0,0,7,0,7,0,0,0,0,0,6.41382714955,9.88471744933,1
random_multishortcut_m3,random_multishortcut_m3_seed009,1,9,independent_p0.50,0.5,5,8,1,142,u2,g,1,1,1,1,1,7,0,0,0,0,0,9.54773614322,26.1929005237,1
random_multishortcut_m3,random_multishortcut_m3_seed009,1,9,independent_p0.50,0.75,5,8,1,142,u0,g,1,1,1,1,1,7,1,0.5,2,0.5,2.21084072121,16.8846315652,26.1929005237,1
random_multishortcut_m3,random_multishortcut_m3_seed009,1,9,independent_p0.50,0.9,5,8,1,142,g,g,0,0,0,1,0,1,0,0,0,0,0,26.1929005237,26.1929005237,1
random_multishortcut_m3,random_multishortcut_m3_seed009,1,9,independent_p0.70,0.25,5,8,1,142,u0,u0,0,0,0,7,0,7,1,0.3,2,0.3,0.00263598146999,3.29648687214,5.01991030803,1
random_multishortcut_m3,random_multishortcut_m3_seed009,1,9,independent_p0.70,0.5,5,8,1,142,u0,u0,0,1,0.3,4,1,7,1,0.3,2,0.3,0.147775506566,4.9447303082,11.1645030019,1
random_multishortcut_m3,random_multishortcut_m3_seed009,1,9,independent_p0.70,0.75,5,8,1,142,u2,g,1,1,1,1,1,7,0,0,0,0,0,9.28775522433,26.1929005237,1
random_multishortcut_m3,random_multishortcut_m3_seed009,1,9,independent_p0.70,0.9,5,8,1,142,u2,g,1,1,1,1,1,7,1,0.3,2,0.3,0.941652815302,19.903126979,26.1929005237,1
random_multishortcut_m3,random_multishortcut_m3_seed009,1,9,independent_p0.90,0.25,5,8,1,142,u0,u0,0,0,0,7,0,7,0,0,0,0,0,0.628680301945,0.783677154938,1
random_multishortcut_m3,random_multishortcut_m3_seed009,1,9,independent_p0.90,0.5,5,8,1,142,u0,u0,0,0,0,7,0,7,0,0,0,0,0,0.943020452917,1.5419707637,1
random_multishortcut_m3,random_multishortcut_m3_seed009,1,9,independent_p0.90,0.75,5,8,1,142,u0,u0,0,0,0,7,0,7,0,0,0,0,0,1.88604090583,5.28267171519,1
random_multishortcut_m3,random_multishortcut_m3_seed009,1,9,independent_p0.90,0.9,5,8,1,142,u2,g,1,1,1,1,1,7,0,0,0,0,0,4.6750808052,26.1929005237,1
random_multishortcut_m3,random_multishortcut_m3_seed009,1,9,correlated_two_mode,0.25,5,8,1,142,u0,u1,1,1,1,2,1,7,0,0,0,0,0,4.94487062726,6.69092512681,1
random_multishortcut_m3,random_multishortcut_m3_seed009,1,9,correlated_two_mode,0.5,5,8,1,142,u0,u0,0,0,0,7,0,7,0,0,0,0,0,7.05908968742,10.8592763428,1
random_multishortcut_m3,random_multishortcut_m3_seed009,1,9,correlated_two_mode,0.75,5,8,1,142,u0,u0,0,0,0,7,0,7,0,0,0,0,0,9.94959570556,16.6552789104,1
random_multishortcut_m3,random_multishortcut_m3_seed009,1,9,correlated_two_mode,0.9,5,8,1,142,u0,g,1,1,1,1,1,7,0,0,0,0,0,17.2790786012,26.1929005237,1
random_multishortcut_m3,random_multishortcut_m3_seed010,1,10,independent_p0.10,0.25,5,8,1,142,u2,u0,1,1,1,2,1,7,0,0,0,0,0,7.31863212282,7.91166951956,1
random_multishortcut_m3,random_multishortcut_m3_seed010,1,10,independent_p0.10,0.5,5,8,1,142,u2,u0,1,1,1,2,1,7,0,0,0,0,0,8.5827381527,9.47229424781,1
random_multishortcut_m3,random_multishortcut_m3_seed010,1,10,independent_p0.10,0.75,5,8,1,142,u2,u0,1,1,1,2,1,7,0,0,0,0,0,12.3750562424,14.1541684326,1
random_multishortcut_m3,random_multishortcut_m3_seed010,1,10,independent_p0.10,0.9,5,8,1,142,u2,g,1,1,1,1,1,7,0,0,0,0,0,23.7520105113,24.7679523821,1
random_multishortcut_m3,random_multishortcut_m3_seed010,1,10,independent_p0.30,0.25,5,8,1,142,u2,u0,1,1,1,2,1,7,0,0,0,0,0,8.4056839913,12.4889923243,1
random_multishortcut_m3,random_multishortcut_m3_seed010,1,10,independent_p0.30,0.5,5,8,1,142,u2,u0,1,1,1,2,1,7,0,0,0,0,0,11.6216233144,18.8360426173,1
random_multishortcut_m3,random_multishortcut_m3_seed010,1,10,independent_p0.30,0.75,5,8,1,142,u2,g,1,1,1,1,1,7,0,0,0,0,0,18.5551301662,24.7679523821,1
random_multishortcut_m3,random_multishortcut_m3_seed010,1,10,independent_p0.30,0.9,5,8,1,142,g,g,0,0,0,1,0,1,0,0,0,0,0,24.7679523821,24.7679523821,1
random_multishortcut_m3,random_multishortcut_m3_seed010,1,10,independent_p0.50,0.25,5,8,1,142,u0,u0,0,0,0,7,0,7,0,0,0,0,0,6.35089851293,9.63353882332,1
random_multishortcut_m3,random_multishortcut_m3_seed010,1,10,independent_p0.50,0.5,5,8,1,142,u2,g,1,1,1,1,1,7,0,0,0,0,0,9.36396778707,24.7679523821,1
random_multishortcut_m3,random_multishortcut_m3_seed010,1,10,independent_p0.50,0.75,5,8,1,142,u2,g,1,1,1,1,1,7,1,0.5,2,0.5,1.19900855548,16.4951055249,24.7679523821,1
random_multishortcut_m3,random_multishortcut_m3_seed010,1,10,independent_p0.50,0.9,5,8,1,142,g,g,0,0,0,1,0,1,0,0,0,0,0,24.7679523821,24.7679523821,1
random_multishortcut_m3,random_multishortcut_m3_seed010,1,10,independent_p0.70,0.25,5,8,1,142,u0,u0,0,0,0,7,0,7,0,0,0,0,0,3.25736276904,4.87608820469,1
random_multishortcut_m3,random_multishortcut_m3_seed010,1,10,independent_p0.70,0.5,5,8,1,142,u0,u0,0,0,0,7,0,7,0,0,0,0,0,4.88604415356,10.7657463586,1
random_multishortcut_m3,random_multishortcut_m3_seed010,1,10,independent_p0.70,0.75,5,8,1,142,u2,g,1,1,1,1,1,7,0,0,0,0,0,9.05272392697,24.7679523821,1
random_multishortcut_m3,random_multishortcut_m3_seed010,1,10,independent_p0.70,0.9,5,8,1,142,u2,g,1,1,1,1,1,7,1,0.3,2,0.3,1.19900855548,19.2825647436,24.7679523821,1
random_multishortcut_m3,random_multishortcut_m3_seed010,1,10,independent_p0.90,0.25,5,8,1,142,u0,u0,0,0,0,7,0,7,0,0,0,0,0,0.651695520255,0.796873352477,1
random_multishortcut_m3,random_multishortcut_m3_seed010,1,10,independent_p0.90,0.5,5,8,1,142,u0,u0,0,0,0,7,0,7,0,0,0,0,0,0.977543280382,1.53720604169,1
random_multishortcut_m3,random_multishortcut_m3_seed010,1,10,independent_p0.90,0.75,5,8,1,142,u0,u0,0,0,0,7,0,7,0,0,0,0,0,1.95508656076,5.12578816121,1
random_multishortcut_m3,random_multishortcut_m3_seed010,1,10,independent_p0.90,0.9,5,8,1,142,u2,g,1,1,1,1,1,7,0,0,0,0,0,4.59543243373,24.7679523821,1
random_multishortcut_m3,random_multishortcut_m3_seed010,1,10,correlated_two_mode,0.25,5,8,1,142,u0,u0,0,0,0,7,0,7,0,0,0,0,0,4.97475722202,6.80489912437,1
random_multishortcut_m3,random_multishortcut_m3_seed010,1,10,correlated_two_mode,0.5,5,8,1,142,u2,u0,1,1,1,2,1,7,0,0,0,0,0,7.11380945789,11.3295714042,1
random_multishortcut_m3,random_multishortcut_m3_seed010,1,10,correlated_two_mode,0.75,5,8,1,142,u2,u0,1,1,1,2,1,7,0,0,0,0,0,10.2677764272,17.8687227453,1
random_multishortcut_m3,random_multishortcut_m3_seed010,1,10,correlated_two_mode,0.9,5,8,1,142,u2,g,1,1,1,1,1,7,1,0.57235182458,2,0.57235182458,1.19900855548,18.4838109734,24.7679523821,1
random_multishortcut_m3,random_multishortcut_m3_seed011,1,11,independent_p0.10,0.25,5,8,1,142,u0,u0,0,0,0,7,0,7,0,0,0,0,0,6.93372992309,7.47419873372,1
random_multishortcut_m3,random_multishortcut_m3_seed011,1,11,independent_p0.10,0.5,5,8,1,142,u0,u0,0,0,0,7,0,7,0,0,0,0,0,8.08578186154,8.89648507749,1
random_multishortcut_m3,random_multishortcut_m3_seed011,1,11,independent_p0.10,0.75,5,8,1,142,u0,u0,0,0,0,7,0,7,0,0,0,0,0,11.5419376769,13.1633441088,1
random_multishortcut_m3,random_multishortcut_m3_seed011,1,11,independent_p0.10,0.9,5,8,1,142,u0,g,1,1,1,1,1,7,0,0,0,0,0,21.910405123,24.4335778531,1
random_multishortcut_m3,random_multishortcut_m3_seed011,1,11,independent_p0.30,0.25,5,8,1,142,u1,u0,1,1,1,2,1,7,0,0,0,0,0,7.87326103977,11.6181715281,1
random_multishortcut_m3,random_multishortcut_m3_seed011,1,11,independent_p0.30,0.5,5,8,1,142,u1,u0,1,1,1,2,1,7,0,0,0,0,0,10.8532328958,17.4302031401,1
random_multishortcut_m3,random_multishortcut_m3_seed011,1,11,independent_p0.30,0.75,5,8,1,142,u0,g,1,1,1,1,1,7,0,0,0,0,0,17.1741915982,24.4335778531,1
random_multishortcut_m3,random_multishortcut_m3_seed011,1,11,independent_p0.30,0.9,5,8,1,142,g,g,0,0,0,1,0,1,0,0,0,0,0,24.4335778531,24.4335778531,1
random_multishortcut_m3,random_multishortcut_m3_seed011,1,11,independent_p0.50,0.25,5,8,1,142,u0,u0,0,0,0,7,0,7,0,0,0,0,0,5.91018998219,8.91972784219,1
random_multishortcut_m3,random_multishortcut_m3_seed011,1,11,independent_p0.50,0.5,5,8,1,142,u1,g,1,1,1,1,1,7,0,0,0,0,0,8.74630167424,24.4335778531,1
random_multishortcut_m3,random_multishortcut_m3_seed011,1,11,independent_p0.50,0.75,5,8,1,142,u0,g,1,1,1,1,1,7,0,0,0,0,0,15.2967736244,24.4335778531,1
random_multishortcut_m3,random_multishortcut_m3_seed011,1,11,independent_p0.50,0.9,5,8,1,142,g,g,0,0,0,1,0,1,0,0,0,0,0,24.4335778531,24.4335778531,1
random_multishortcut_m3,random_multishortcut_m3_seed011,1,11,independent_p0.70,0.25,5,8,1,142,u0,u0,0,0,0,7,0,7,0,0,0,0,0,3.02909888889,4.51077269474,1
random_multishortcut_m3,random_multishortcut_m3_seed011,1,11,independent_p0.70,0.5,5,8,1,142,u0,u0,0,0,0,7,0,7,0,0,0,0,0,4.54364833333,9.93112275028,1
random_multishortcut_m3,random_multishortcut_m3_seed011,1,11,independent_p0.70,0.75,5,8,1,142,u1,g,1,1,1,1,1,7,0,0,0,0,0,8.44823877946,24.4335778531,1
random_multishortcut_m3,random_multishortcut_m3_seed011,1,11,independent_p0.70,0.9,5,8,1,142,u1,g,1,1,1,1,1,7,0,0,0,0,0,17.8268523626,24.4335778531,1
random_multishortcut_m3,random_multishortcut_m3_seed011,1,11,independent_p0.90,0.25,5,8,1,142,u0,u0,0,0,0,7,0,7,0,0,0,0,0,0.609795447816,0.742819507494,1
random_multishortcut_m3,random_multishortcut_m3_seed011,1,11,independent_p0.90,0.5,5,8,1,142,u0,u0,0,0,0,7,0,7,0,0,0,0,0,0.914693171725,1.42796425965,1
random_multishortcut_m3,random_multishortcut_m3_seed011,1,11,independent_p0.90,0.75,5,8,1,142,u0,u0,0,0,0,7,0,7,0,0,0,0,0,1.82938634345,4.73833850974,1
random_multishortcut_m3,random_multishortcut_m3_seed011,1,11,independent_p0.90,0.9,5,8,1,142,u1,g,1,1,1,1,1,7,0,0,0,0,0,4.35929592035,24.4335778531,1
random_multishortcut_m3,random_multishortcut_m3_seed011,1,11,correlated_two_mode,0.25,5,8,1,142,u0,u0,0,0,0,7,0,7,0,0,0,0,0,4.65441924631,6.48790909289,1
random_multishortcut_m3,random_multishortcut_m3_seed011,1,11,correlated_two_mode,0.5,5,8,1,142,u1,u0,1,1,1,2,1,7,0,0,0,0,0,6.86079986733,12.098274225,1
random_multishortcut_m3,random_multishortcut_m3_seed011,1,11,correlated_two_mode,0.75,5,8,1,142,u0,u0,0,0,0,7,0,7,0,0,0,0,0,10.2781896993,19.5669224038,1
random_multishortcut_m3,random_multishortcut_m3_seed011,1,11,correlated_two_mode,0.9,5,8,1,142,u0,g,1,1,1,1,1,7,0,0,0,0,0,18.7510351791,24.4335778531,1
random_multishortcut_m3,random_multishortcut_m3_seed012,1,12,independent_p0.10,0.25,5,8,1,142,u0,u0,0,0,0,7,0,7,0,0,0,0,0,6.30957451058,6.88720208088,1
random_multishortcut_m3,random_multishortcut_m3_seed012,1,12,independent_p0.10,0.5,5,8,1,142,u0,u0,0,0,0,7,0,7,0,0,0,0,0,7.54083327884,8.40727463429,1
random_multishortcut_m3,random_multishortcut_m3_seed012,1,12,independent_p0.10,0.75,5,8,1,142,u0,u0,0,0,0,7,0,7,0,0,0,0,0,11.2346095836,12.9674922945,1
random_multishortcut_m3,random_multishortcut_m3_seed012,1,12,independent_p0.10,0.9,5,8,1,142,u0,g,1,1,1,1,1,7,0,0,0,0,0,22.315938498,24.5154703415,1
random_multishortcut_m3,random_multishortcut_m3_seed012,1,12,independent_p0.30,0.25,5,8,1,142,u0,u0,0,0,0,7,0,7,0,0,0,0,0,7.46141445665,11.402568975,1
random_multishortcut_m3,random_multishortcut_m3_seed012,1,12,independent_p0.30,0.5,5,8,1,142,u0,u0,0,1,0.3,7,1,9,1,0.3,1,0.3,1.71068069014,10.5078494089,17.5277099547,1
random_multishortcut_m3,random_multishortcut_m3_seed012,1,12,independent_p0.30,0.75,5,8,1,142,u0,g,1,1,1,1,1,7,0,0,0,0,0,17.2540968951,24.5154703415,1
random_multishortcut_m3,random_multishortcut_m3_seed012,1,12,independent_p0.30,0.9,5,8,1,142,g,g,0,0,0,1,0,1,0,0,0,0,0,24.5154703415,24.5154703415,1
random_multishortcut_m3,random_multishortcut_m3_seed012,1,12,independent_p0.50,0.25,5,8,1,142,u0,u0,0,0,0,7,0,7,0,0,0,0,0,5.65276060492,8.84583237921,1
random_multishortcut_m3,random_multishortcut_m3_seed012,1,12,independent_p0.50,0.5,5,8,1,142,u0,g,1,1,1,1,1,7,0,0,0,0,0,8.47914090738,24.5154703415,1
random_multishortcut_m3,random_multishortcut_m3_seed012,1,12,independent_p0.50,0.75,5,8,1,142,u0,g,1,1,1,1,1,7,1,0.5,2,0.5,1.77336399676,15.2476011246,24.5154703415,1
random_multishortcut_m3,random_multishortcut_m3_seed012,1,12,independent_p0.50,0.9,5,8,1,142,g,g,0,0,0,1,0,1,0,0,0,0,0,24.5154703415,24.5154703415,1
random_multishortcut_m3,random_multishortcut_m3_seed012,1,12,independent_p0.70,0.25,5,8,1,142,u0,u0,0,0,0,7,0,7,0,0,0,0,0,2.85592884742,4.43105500112,1
random_multishortcut_m3,random_multishortcut_m3_seed012,1,12,independent_p0.70,0.5,5,8,1,142,u0,u0,0,0,0,7,0,7,0,0,0,0,0,4.28389327113,10.0038956647,1
random_multishortcut_m3,random_multishortcut_m3_seed012,1,12,independent_p0.70,0.75,5,8,1,142,u0,g,1,1,1,1,1,7,0,0,0,0,0,8.22565040423,24.5154703415,1
random_multishortcut_m3,random_multishortcut_m3_seed012,1,12,independent_p0.70,0.9,5,8,1,142,u0,g,1,1,1,1,1,7,1,0.3,2,0.3,1.77336399676,17.9981049754,24.5154703415,1
random_multishortcut_m3,random_multishortcut_m3_seed012,1,12,independent_p0.90,0.25,5,8,1,142,u0,u0,0,0,0,7,0,7,0,0,0,0,0,0.530188835418,0.671423462419,1
random_multishortcut_m3,random_multishortcut_m3_seed012,1,12,independent_p0.90,0.5,5,8,1,142,u0,u0,0,0,0,7,0,7,0,0,0,0,0,0.795283253126,1.33963472143,1
random_multishortcut_m3,random_multishortcut_m3_seed012,1,12,independent_p0.90,0.75,5,8,1,142,u0,u0,0,0,0,7,0,7,0,0,0,0,0,1.59056650625,4.67426660966,1
random_multishortcut_m3,random_multishortcut_m3_seed012,1,12,independent_p0.90,0.9,5,8,1,142,u0,g,1,1,1,1,1,7,0,0,0,0,0,3.97641626563,24.5154703415,1
random_multishortcut_m3,random_multishortcut_m3_seed012,1,12,correlated_two_mode,0.25,5,8,1,142,u0,u0,0,0,0,7,0,7,0,0,0,0,0,3.97483954132,5.65142163476,1
random_multishortcut_m3,random_multishortcut_m3_seed012,1,12,correlated_two_mode,0.5,5,8,1,142,u0,u0,0,0,0,7,0,7,0,0,0,0,0,5.8887910385,10.3725886371,1
random_multishortcut_m3,random_multishortcut_m3_seed012,1,12,correlated_two_mode,0.75,5,8,1,142,u0,u0,0,0,0,7,0,7,0,0,0,0,0,8.89682058224,16.8981203002,1
random_multishortcut_m3,random_multishortcut_m3_seed012,1,12,correlated_two_mode,0.9,5,8,1,142,u0,g,1,1,1,1,1,7,1,0.521473403511,2,0.521473403511,1.77336399676,16.4714659945,24.5154703415,1
random_multishortcut_m3,random_multishortcut_m3_seed013,1,13,independent_p0.10,0.25,5,8,1,142,u1,u0,1,1,1,2,1,7,0,0,0,0,0,6.7823370023,7.36723829674,1
random_multishortcut_m3,random_multishortcut_m3_seed013,1,13,independent_p0.10,0.5,5,8,1,142,u1,u0,1,1,1,2,1,7,0,0,0,0,0,8.02910028781,8.90645222946,1
random_multishortcut_m3,random_multishortcut_m3_seed013,1,13,independent_p0.10,0.75,5,8,1,142,u1,u0,1,1,1,2,1,7,0,0,0,0,0,11.7693901443,13.5240940276,1
random_multishortcut_m3,random_multishortcut_m3_seed013,1,13,independent_p0.10,0.9,5,8,1,142,u1,g,1,1,1,1,1,7,0,0,0,0,0,22.9902597139,25.4219094909,1
random_multishortcut_m3,random_multishortcut_m3_seed013,1,13,independent_p0.30,0.25,5,8,1,142,u0,u0,0,0,0,7,0,7,0,0,0,0,0,7.99378443363,11.9290936099,1
random_multishortcut_m3,random_multishortcut_m3_seed013,1,13,independent_p0.30,0.5,5,8,1,142,u1,u0,1,1,1,2,1,7,0,0,0,0,0,11.0375643257,18.1417358258,1
random_multishortcut_m3,random_multishortcut_m3_seed013,1,13,independent_p0.30,0.75,5,8,1,142,u0,g,1,1,1,1,1,7,0,0,0,0,0,17.8646773179,25.4219094909,1
random_multishortcut_m3,random_multishortcut_m3_seed013,1,13,independent_p0.30,0.9,5,8,1,142,g,g,0,0,0,1,0,1,0,0,0,0,0,25.4219094909,25.4219094909,1
random_multishortcut_m3,random_multishortcut_m3_seed013,1,13,independent_p0.50,0.25,5,8,1,142,u0,u0,0,0,0,7,0,7,0,0,0,0,0,6.07105813785,9.2760353342,1
random_multishortcut_m3,random_multishortcut_m3_seed013,1,13,independent_p0.50,0.5,5,8,1,142,u1,g,1,1,1,1,1,7,0,0,0,0,0,9.08137395548,25.4219094909,1
random_multishortcut_m3,random_multishortcut_m3_seed013,1,13,independent_p0.50,0.75,5,8,1,142,u0,g,1,1,1,1,1,7,1,0.5,2,0.5,1.90468342866,15.8329149267,25.4219094909,1
random_multishortcut_m3,random_multishortcut_m3_seed013,1,13,independent_p0.50,0.9,5,8,1,142,g,g,0,0,0,1,0,1,0,0,0,0,0,25.4219094909,25.4219094909,1
random_multishortcut_m3,random_multishortcut_m3_seed013,1,13,independent_p0.70,0.25,5,8,1,142,u0,u0,0,0,0,7,0,7,0,0,0,0,0,3.1205394633,4.70531115515,1
random_multishortcut_m3,random_multishortcut_m3_seed013,1,13,independent_p0.70,0.5,5,8,1,142,u0,u0,0,0,0,7,0,7,0,0,0,0,0,4.68080919495,10.4269892688,1
random_multishortcut_m3,random_multishortcut_m3_seed013,1,13,independent_p0.70,0.75,5,8,1,142,u1,g,1,1,1,1,1,7,0,0,0,0,0,8.85329353088,25.4219094909,1
random_multishortcut_m3,random_multishortcut_m3_seed013,1,13,independent_p0.70,0.9,5,8,1,142,u1,g,1,1,1,1,1,7,1,0.3,2,0.3,0.0465589868072,18.6384843508,25.4219094909,1
random_multishortcut_m3,random_multishortcut_m3_seed013,1,13,independent_p0.90,0.25,5,8,1,142,u0,u0,0,0,0,7,0,7,0,0,0,0,0,0.619873785396,0.761754774873,1
random_multishortcut_m3,random_multishortcut_m3_seed013,1,13,independent_p0.90,0.5,5,8,1,142,u0,u0,0,0,0,7,0,7,0,0,0,0,0,0.929810678093,1.47592229478,1
random_multishortcut_m3,random_multishortcut_m3_seed013,1,13,independent_p0.90,0.75,5,8,1,142,u0,u0,0,0,0,7,0,7,0,0,0,0,0,1.85962135619,4.95158538438,1
random_multishortcut_m3,random_multishortcut_m3_seed013,1,13,independent_p0.90,0.9,5,8,1,142,u1,g,1,1,1,1,1,7,0,0,0,0,0,4.60366953814,25.4219094909,1
random_multishortcut_m3,random_multishortcut_m3_seed013,1,13,correlated_two_mode,0.25,5,8,1,142,u0,u0,0,0,0,7,0,7,0,0,0,0,0,4.12038578107,5.76035125956,1
random_multishortcut_m3,random_multishortcut_m3_seed013,1,13,correlated_two_mode,0.5,5,8,1,142,u0,u0,0,0,0,7,0,7,0,0,0,0,0,6.1805786716,12.1136804716,1
random_multishortcut_m3,random_multishortcut_m3_seed013,1,13,correlated_two_mode,0.75,5,8,1,142,u0,u0,0,0,0,7,0,7,0,0,0,0,0,9.55913036681,20.6292590014,1
random_multishortcut_m3,random_multishortcut_m3_seed013,1,13,correlated_two_mode,0.9,5,8,1,142,u0,g,1,1,1,1,1,7,1,0.486140409244,2,0.486140409244,1.90468342866,17.4646102701,25.4219094909,1
random_multishortcut_m3,random_multishortcut_m3_seed014,1,14,independent_p0.10,0.25,5,8,1,142,u0,u0,0,0,0,7,0,7,0,0,0,0,0,7.40779475884,7.99762275372,1
random_multishortcut_m3,random_multishortcut_m3_seed014,1,14,independent_p0.10,0.5,5,8,1,142,u0,u0,0,0,0,7,0,7,0,0,0,0,0,8.6650596953,9.54980168762,1
random_multishortcut_m3,random_multishortcut_m3_seed014,1,14,independent_p0.10,0.75,5,8,1,142,u0,u0,0,0,0,7,0,7,0,0,0,0,0,12.3882825452,14.1113757553,1
random_multishortcut_m3,random_multishortcut_m3_seed014,1,14,independent_p0.10,0.9,5,8,1,142,u0,u0,0,1,0.9,4,1,7,0,0,0,0,0,23.4070101787,25.8120459078,1
random_multishortcut_m3,random_multishortcut_m3_seed014,1,14,independent_p0.30,0.25,5,8,1,142,u0,u0,0,0,0,7,0,7,0,0,0,0,0,8.4463979253,12.4499587317,1
random_multishortcut_m3,random_multishortcut_m3_seed014,1,14,independent_p0.30,0.5,5,8,1,142,u0,u0,0,0,0,7,0,7,0,0,0,0,0,11.6578521282,18.6458315716,1
random_multishortcut_m3,random_multishortcut_m3_seed014,1,14,independent_p0.30,0.75,5,8,1,142,u0,u0,0,1,0.7,4,1,7,0,0,0,0,0,18.3737642226,25.8120459078,1
random_multishortcut_m3,random_multishortcut_m3_seed014,1,14,independent_p0.30,0.9,5,8,1,142,u0,u0,0,0,0,4,0,4,0,0,0,0,0,25.8120459078,25.8120459078,1
random_multishortcut_m3,random_multishortcut_m3_seed014,1,14,independent_p0.50,0.25,5,8,1,142,u0,u0,0,0,0,7,0,7,0,0,0,0,0,6.30265518757,9.52088790814,1
random_multishortcut_m3,random_multishortcut_m3_seed014,1,14,independent_p0.50,0.5,5,8,1,142,u0,u0,0,1,0.5,4,1,7,0,0,0,0,0,9.45398278136,25.8120459078,1
random_multishortcut_m3,random_multishortcut_m3_seed014,1,14,independent_p0.50,0.75,5,8,1,142,u0,u0,0,1,0.5,4,1,7,1,0.5,2,0.5,1.90269729631,16.3786036635,25.8120459078,1
random_multishortcut_m3,random_multishortcut_m3_seed014,1,14,independent_p0.50,0.9,5,8,1,142,u0,u0,0,0,0,4,0,4,0,0,0,0,0,25.8120459078,25.8120459078,1
random_multishortcut_m3,random_multishortcut_m3_seed014,1,14,independent_p0.70,0.25,5,8,1,142,u0,u0,0,0,0,7,0,7,0,0,0,0,0,3.21778846936,4.79956812495,1
random_multishortcut_m3,random_multishortcut_m3_seed014,1,14,independent_p0.70,0.5,5,8,1,142,u0,u0,0,0,0,7,0,7,0,0,0,0,0,4.82668270404,10.5843544093,1
random_multishortcut_m3,random_multishortcut_m3_seed014,1,14,independent_p0.70,0.75,5,8,1,142,u0,u0,0,1,0.3,4,1,7,0,0,0,0,0,9.14749302823,25.8120459078,1
random_multishortcut_m3,random_multishortcut_m3_seed014,1,14,independent_p0.70,0.9,5,8,1,142,u0,u0,0,1,0.3,4,1,7,1,0.3,2,0.3,1.90269729631,19.0746897217,25.8120459078,1
random_multishortcut_m3,random_multishortcut_m3_seed014,1,14,independent_p0.90,0.25,5,8,1,142,u0,u0,0,0,0,7,0,7,0,0,0,0,0,0.642823631857,0.784988365321,1
random_multishortcut_m3,random_multishortcut_m3_seed014,1,14,independent_p0.90,0.5,5,8,1,142,u0,u0,0,0,0,7,0,7,0,0,0,0,0,0.964235447786,1.51328763205,1
random_multishortcut_m3,random_multishortcut_m3_seed014,1,14,independent_p0.90,0.75,5,8,1,142,u0,u0,0,0,0,7,0,7,0,0,0,0,0,1.92847089557,5.04140576848,1
random_multishortcut_m3,random_multishortcut_m3_seed014,1,14,independent_p0.90,0.9,5,8,1,142,u0,u0,0,1,0.1,4,1,7,0,0,0,0,0,4.82117723893,25.8120459078,1
random_multishortcut_m3,random_multishortcut_m3_seed014,1,14,correlated_two_mode,0.25,5,8,1,142,u0,u0,0,0,0,7,0,7,0,0,0,0,0,4.03263983939,5.57196478513,1
random_multishortcut_m3,random_multishortcut_m3_seed014,1,14,correlated_two_mode,0.5,5,8,1,142,u0,u1,1,1,1,2,1,7,0,0,0,0,0,6.04895975908,11.9076213186,1
random_multishortcut_m3,random_multishortcut_m3_seed014,1,14,correlated_two_mode,0.75,5,8,1,142,u0,u0,0,0,0,7,0,7,0,0,0,0,0,9.78851327092,22.2052304768,1
random_multishortcut_m3,random_multishortcut_m3_seed014,1,14,correlated_two_mode,0.9,5,8,1,142,u0,u0,0,1,0.451898613105,4,1,7,1,0.451898613105,2,0.451898613105,1.90269729631,16.9075869931,25.8120459078,1
random_multishortcut_m3,random_multishortcut_m3_seed015,1,15,independent_p0.10,0.25,5,8,1,142,u1,u0,1,1,1,2,1,7,0,0,0,0,0,7.45074599148,7.98145350039,1
random_multishortcut_m3,random_multishortcut_m3_seed015,1,15,independent_p0.10,0.5,5,8,1,142,u1,u0,1,1,1,2,1,7,0,0,0,0,0,8.58199094468,9.37805220804,1
random_multishortcut_m3,random_multishortcut_m3_seed015,1,15,independent_p0.10,0.75,5,8,1,142,u1,u0,1,1,1,2,1,7,0,0,0,0,0,11.9757258043,13.567848331,1
random_multishortcut_m3,random_multishortcut_m3_seed015,1,15,independent_p0.10,0.9,5,8,1,142,u1,u0,1,1,1,1,1,7,0,0,0,0,0,22.1569303831,25.6011863724,1
random_multishortcut_m3,random_multishortcut_m3_seed015,1,15,independent_p0.30,0.25,5,8,1,142,u0,u0,0,0,0,7,0,7,0,0,0,0,0,8.25080638328,11.9869135551,1
random_multishortcut_m3,random_multishortcut_m3_seed015,1,15,independent_p0.30,0.5,5,8,1,142,u0,u0,0,0,0,7,0,7,0,0,0,0,0,11.2974302313,17.757644454,1
random_multishortcut_m3,random_multishortcut_m3_seed015,1,15,independent_p0.30,0.75,5,8,1,142,u1,u0,1,1,1,1,1,7,0,0,0,0,0,17.5062566866,25.6011863724,1
random_multishortcut_m3,random_multishortcut_m3_seed015,1,15,independent_p0.30,0.9,5,8,1,142,u0,u0,0,0,0,4,0,4,0,0,0,0,0,25.6011863724,25.6011863724,1
random_multishortcut_m3,random_multishortcut_m3_seed015,1,15,independent_p0.50,0.25,5,8,1,142,u0,u0,0,0,0,7,0,7,0,0,0,0,0,6.1198982505,9.11231881828,1
random_multishortcut_m3,random_multishortcut_m3_seed015,1,15,independent_p0.50,0.5,5,8,1,142,u0,u0,0,1,0.5,4,1,7,0,0,0,0,0,9.17984737575,25.6011863724,1
random_multishortcut_m3,random_multishortcut_m3_seed015,1,15,independent_p0.50,0.75,5,8,1,142,u1,u0,1,1,1,1,1,7,0,0,0,0,0,15.6627463925,25.6011863724,1
random_multishortcut_m3,random_multishortcut_m3_seed015,1,15,independent_p0.50,0.9,5,8,1,142,u0,u0,0,0,0,4,0,4,0,0,0,0,0,25.6011863724,25.6011863724,1
random_multishortcut_m3,random_multishortcut_m3_seed015,1,15,independent_p0.70,0.25,5,8,1,142,u0,u0,0,0,0,7,0,7,0,0,0,0,0,3.13745064237,4.60576968492,1
random_multishortcut_m3,random_multishortcut_m3_seed015,1,15,independent_p0.70,0.5,5,8,1,142,u0,u0,0,0,0,7,0,7,0,0,0,0,0,4.70617596356,10.0566728181,1
random_multishortcut_m3,random_multishortcut_m3_seed015,1,15,independent_p0.70,0.75,5,8,1,142,u0,u0,0,1,0.3,4,1,7,0,0,0,0,0,8.87296225532,25.6011863724,1
random_multishortcut_m3,random_multishortcut_m3_seed015,1,15,independent_p0.70,0.9,5,8,1,142,u0,u0,0,1,0.3,4,1,7,1,0.3,2,0.3,0.536050327536,18.1369830998,25.6011863724,1
random_multishortcut_m3,random_multishortcut_m3_seed015,1,15,independent_p0.90,0.25,5,8,1,142,u0,u0,0,0,0,7,0,7,0,0,0,0,0,0.644198318259,0.776309351705,1
random_multishortcut_m3,random_multishortcut_m3_seed015,1,15,independent_p0.90,0.5,5,8,1,142,u0,u0,0,0,0,7,0,7,0,0,0,0,0,0.966297477388,1.47700120544,1
random_multishortcut_m3,random_multishortcut_m3_seed015,1,15,independent_p0.90,0.75,5,8,1,142,u0,u0,0,0,0,7,0,7,0,0,0,0,0,1.93259495478,4.82922547814,1
random_multishortcut_m3,random_multishortcut_m3_seed015,1,15,independent_p0.90,0.9,5,8,1,142,u0,u0,0,1,0.1,4,1,7,0,0,0,0,0,4.83148738694,25.6011863724,1
random_multishortcut_m3,random_multishortcut_m3_seed015,1,15,correlated_two_mode,0.25,5,8,1,142,u0,u0,0,0,0,7,0,7,0,0,0,0,0,6.73383444239,8.60464272466,1
random_multishortcut_m3,random_multishortcut_m3_seed015,1,15,correlated_two_mode,0.5,5,8,1,142,u0,u0,0,0,0,7,0,7,0,0,0,0,0,8.53410689142,10.9585880721,1
random_multishortcut_m3,random_multishortcut_m3_seed015,1,15,correlated_two_mode,0.75,5,8,1,142,u0,u0,0,0,0,7,0,7,0,0,0,0,0,11.4369775763,16.2859399376,1
random_multishortcut_m3,random_multishortcut_m3_seed015,1,15,correlated_two_mode,0.9,5,8,1,142,u0,u0,0,1,0.702779016227,4,1,7,1,0.702779016227,2,0.702779016227,0.682848351442,20.1455896309,25.6011863724,1
random_multishortcut_m3,random_multishortcut_m3_seed016,1,16,independent_p0.10,0.25,5,8,1,142,u2,u0,1,1,1,2,1,7,0,0,0,0,0,7.02604942375,7.64746124124,1
random_multishortcut_m3,random_multishortcut_m3_seed016,1,16,independent_p0.10,0.5,5,8,1,142,u2,u0,1,1,1,2,1,7,0,0,0,0,0,8.35063777157,9.28275549782,1
random_multishortcut_m3,random_multishortcut_m3_seed016,1,16,independent_p0.10,0.75,5,8,1,142,u2,u0,1,1,1,2,1,7,0,0,0,0,0,12.324402815,14.1886382675,1
random_multishortcut_m3,random_multishortcut_m3_seed016,1,16,independent_p0.10,0.9,5,8,1,142,u0,g,1,1,1,1,1,7,0,0,0,0,0,24.1887232746,25.0373704854,1
random_multishortcut_m3,random_multishortcut_m3_seed016,1,16,independent_p0.30,0.25,5,8,1,142,u2,u0,1,1,1,2,1,7,0,0,0,0,0,8.30294990633,12.5142575962,1
random_multishortcut_m3,random_multishortcut_m3_seed016,1,16,independent_p0.30,0.5,5,8,1,142,u2,u0,1,1,1,2,1,7,0,0,0,0,0,11.5420754554,19.0945210373,1
random_multishortcut_m3,random_multishortcut_m3_seed016,1,16,independent_p0.30,0.75,5,8,1,142,u0,g,1,1,1,1,1,7,1,0.7,2,0.7,0.0688857305029,18.8001680711,25.0373704854,1
random_multishortcut_m3,random_multishortcut_m3_seed016,1,16,independent_p0.30,0.9,5,8,1,142,g,g,0,0,0,1,0,1,0,0,0,0,0,25.0373704854,25.0373704854,1
random_multishortcut_m3,random_multishortcut_m3_seed016,1,16,independent_p0.50,0.25,5,8,1,142,u0,u0,0,0,0,7,0,7,0,0,0,0,0,6.34331104631,9.72927672129,1
random_multishortcut_m3,random_multishortcut_m3_seed016,1,16,independent_p0.50,0.5,5,8,1,142,u2,g,1,1,1,1,1,7,0,0,0,0,0,9.34810258645,25.0373704854,1
random_multishortcut_m3,random_multishortcut_m3_seed016,1,16,independent_p0.50,0.75,5,8,1,142,u0,g,1,1,1,1,1,7,1,0.5,2,0.5,2.0546255205,16.6415796524,25.0373704854,1
random_multishortcut_m3,random_multishortcut_m3_seed016,1,16,independent_p0.50,0.9,5,8,1,142,g,g,0,0,0,1,0,1,0,0,0,0,0,25.0373704854,25.0373704854,1
random_multishortcut_m3,random_multishortcut_m3_seed016,1,16,independent_p0.70,0.25,5,8,1,142,u0,u0,0,0,0,7,0,7,0,0,0,0,0,3.23432861453,4.90374732335,1
random_multishortcut_m3,random_multishortcut_m3_seed016,1,16,independent_p0.70,0.5,5,8,1,142,u0,u0,0,0,0,7,0,7,0,0,0,0,0,4.85149292179,10.9159343999,1
random_multishortcut_m3,random_multishortcut_m3_seed016,1,16,independent_p0.70,0.75,5,8,1,142,u2,g,1,1,1,1,1,7,0,0,0,0,0,9.07204680508,25.0373704854,1
random_multishortcut_m3,random_multishortcut_m3_seed016,1,16,independent_p0.70,0.9,5,8,1,142,u2,g,1,1,1,1,1,7,1,0.3,2,0.3,1.81429057078,19.5981787319,25.0373704854,1
random_multishortcut_m3,random_multishortcut_m3_seed016,1,16,independent_p0.90,0.25,5,8,1,142,u0,u0,0,0,0,7,0,7,0,0,0,0,0,0.630144829472,0.779884125228,1
random_multishortcut_m3,random_multishortcut_m3_seed016,1,16,independent_p0.90,0.5,5,8,1,142,u0,u0,0,0,0,7,0,7,0,0,0,0,0,0.945217244208,1.522514561,1
random_multishortcut_m3,random_multishortcut_m3_seed016,1,16,independent_p0.90,0.75,5,8,1,142,u0,u0,0,0,0,7,0,7,0,0,0,0,0,1.89043448842,5.16115936097,1
random_multishortcut_m3,random_multishortcut_m3_seed016,1,16,independent_p0.90,0.9,5,8,1,142,u2,g,1,1,1,1,1,7,0,0,0,0,0,4.49449748763,25.0373704854,1
random_multishortcut_m3,random_multishortcut_m3_seed016,1,16,correlated_two_mode,0.25,5,8,1,142,u0,u0,0,0,0,7,0,7,0,0,0,0,0,4.76352140871,6.66507776729,1
random_multishortcut_m3,random_multishortcut_m3_seed016,1,16,correlated_two_mode,0.5,5,8,1,142,u2,u0,1,1,1,2,1,7,0,0,0,0,0,6.90939173434,12.2443610532,1
random_multishortcut_m3,random_multishortcut_m3_seed016,1,16,correlated_two_mode,0.75,5,8,1,142,u0,u0,0,0,0,7,0,7,0,0,0,0,0,10.4821906943,20.1118493784,1
random_multishortcut_m3,random_multishortcut_m3_seed016,1,16,correlated_two_mode,0.9,5,8,1,142,u0,g,1,1,1,1,1,7,1,0.525403010504,2,0.525403010504,2.0546255205,19.6401676436,25.0373704854,1
random_multishortcut_m3,random_multishortcut_m3_seed017,1,17,independent_p0.10,0.25,5,8,1,142,u2,u0,1,1,1,2,1,7,0,0,0,0,0,6.64495946779,7.20136955419,1
random_multishortcut_m3,random_multishortcut_m3_seed017,1,17,independent_p0.10,0.5,5,8,1,142,u2,u0,1,1,1,2,1,7,0,0,0,0,0,7.83099149406,8.66560662365,1
random_multishortcut_m3,random_multishortcut_m3_seed017,1,17,independent_p0.10,0.75,5,8,1,142,u2,u0,1,1,1,2,1,7,0,0,0,0,0,11.3890875729,13.058317832,1
random_multishortcut_m3,random_multishortcut_m3_seed017,1,17,independent_p0.10,0.9,5,8,1,142,u2,g,1,1,1,1,1,7,0,0,0,0,0,22.0633758092,24.1043668224,1
random_multishortcut_m3,random_multishortcut_m3_seed017,1,17,independent_p0.30,0.25,5,8,1,142,u2,u0,1,1,1,2,1,7,0,0,0,0,0,7.80969692525,11.5496172745,1
random_multishortcut_m3,random_multishortcut_m3_seed017,1,17,independent_p0.30,0.5,5,8,1,142,u2,u0,1,1,1,2,1,7,0,0,0,0,0,10.6992169091,17.4510290404,1
random_multishortcut_m3,random_multishortcut_m3_seed017,1,17,independent_p0.30,0.75,5,8,1,142,u0,g,1,1,1,1,1,7,0,0,0,0,0,17.1874663679,24.1043668224,1
random_multishortcut_m3,random_multishortcut_m3_seed017,1,17,independent_p0.30,0.9,5,8,1,142,g,g,0,0,0,1,0,1,0,0,0,0,0,24.1043668224,24.1043668224,1
random_multishortcut_m3,random_multishortcut_m3_seed017,1,17,independent_p0.50,0.25,5,8,1,142,u0,u0,0,0,0,7,0,7,0,0,0,0,0,6.03848713104,9.06414098405,1
random_multishortcut_m3,random_multishortcut_m3_seed017,1,17,independent_p0.50,0.5,5,8,1,142,u2,g,1,1,1,1,1,7,0,0,0,0,0,8.98968486301,24.1043668224,1
random_multishortcut_m3,random_multishortcut_m3_seed017,1,17,independent_p0.50,0.75,5,8,1,142,u0,g,1,1,1,1,1,7,1,0.5,2,0.5,1.70405021303,15.2546734362,24.1043668224,1
random_multishortcut_m3,random_multishortcut_m3_seed017,1,17,independent_p0.50,0.9,5,8,1,142,g,g,0,0,0,1,0,1,0,0,0,0,0,24.1043668224,24.1043668224,1
random_multishortcut_m3,random_multishortcut_m3_seed017,1,17,independent_p0.70,0.25,5,8,1,142,u0,u0,0,0,0,7,0,7,0,0,0,0,0,3.15395084132,4.66092946134,1
random_multishortcut_m3,random_multishortcut_m3_seed017,1,17,independent_p0.70,0.5,5,8,1,142,u0,u0,0,1,0.3,4,1,7,1,0.3,2,0.3,0.151385932975,4.73092626198,10.2017778954,1
random_multishortcut_m3,random_multishortcut_m3_seed017,1,17,independent_p0.70,0.75,5,8,1,142,u2,g,1,1,1,1,1,7,0,0,0,0,0,8.81686409752,24.1043668224,1
random_multishortcut_m3,random_multishortcut_m3_seed017,1,17,independent_p0.70,0.9,5,8,1,142,u2,g,1,1,1,1,1,7,1,0.3,2,0.3,0.428034421738,17.9551158091,24.1043668224,1
random_multishortcut_m3,random_multishortcut_m3_seed017,1,17,independent_p0.90,0.25,5,8,1,142,u0,u0,0,0,0,7,0,7,0,0,0,0,0,0.635793232876,0.771561715794,1
random_multishortcut_m3,random_multishortcut_m3_seed017,1,17,independent_p0.90,0.5,5,8,1,142,u0,u0,0,0,0,7,0,7,0,0,0,0,0,0.953689849315,1.47912934031,1
random_multishortcut_m3,random_multishortcut_m3_seed017,1,17,independent_p0.90,0.75,5,8,1,142,u0,u0,0,0,0,7,0,7,0,0,0,0,0,1.90737969863,4.88897928036,1
random_multishortcut_m3,random_multishortcut_m3_seed017,1,17,independent_p0.90,0.9,5,8,1,142,u0,g,1,1,1,1,1,7,1,0.1,2,0.1,0.524789792625,4.76844924657,24.1043668224,1
random_multishortcut_m3,random_multishortcut_m3_seed017,1,17,correlated_two_mode,0.25,5,8,1,142,u0,u0,0,0,0,7,0,7,0,0,0,0,0,4.18744499491,5.71645269961,1
random_multishortcut_m3,random_multishortcut_m3_seed017,1,17,correlated_two_mode,0.5,5,8,1,142,u0,u0,0,0,0,7,0,7,0,0,0,0,0,6.28116749236,11.2774621132,1
random_multishortcut_m3,random_multishortcut_m3_seed017,1,17,correlated_two_mode,0.75,5,8,1,142,u0,u0,0,0,0,7,0,7,0,0,0,0,0,9.33357061066,18.9829707509,1
random_multishortcut_m3,random_multishortcut_m3_seed017,1,17,correlated_two_mode,0.9,5,8,1,142,u0,g,1,1,1,1,1,7,1,0.484929782132,2,0.484929782132,1.70405021303,16.9245834038,24.1043668224,1
random_multishortcut_m3,random_multishortcut_m3_seed018,1,18,independent_p0.10,0.25,5,8,1,142,u0,u0,0,1,0.9,4,1,7,1,0.9,2,0.9,0.0117254272682,7.13282521144,7.73098583142,1
random_multishortcut_m3,random_multishortcut_m3_seed018,1,18,independent_p0.10,0.5,5,8,1,142,u0,u0,0,0,0,7,0,7,0,0,0,0,0,8.39260876151,9.26964380838,1
random_multishortcut_m3,random_multishortcut_m3_seed018,1,18,independent_p0.10,0.75,5,8,1,142,u0,u0,0,0,0,7,0,7,0,0,0,0,0,12.1315476455,13.8856177393,1
random_multishortcut_m3,random_multishortcut_m3_seed018,1,18,independent_p0.10,0.9,5,8,1,142,u0,g,1,1,1,1,1,7,0,0,0,0,0,23.3483642976,26.3832206654,1
random_multishortcut_m3,random_multishortcut_m3_seed018,1,18,independent_p0.30,0.25,5,8,1,142,u0,u0,0,0,0,7,0,7,0,0,0,0,0,8.18791256292,12.2345515545,1
random_multishortcut_m3,random_multishortcut_m3_seed018,1,18,independent_p0.30,0.5,5,8,1,142,u0,u0,0,0,0,7,0,7,0,0,0,0,0,11.3906396196,18.5015916702,1
random_multishortcut_m3,random_multishortcut_m3_seed018,1,18,independent_p0.30,0.75,5,8,1,142,u0,g,1,1,1,1,1,7,0,0,0,0,0,18.2246332343,26.3832206654,1
random_multishortcut_m3,random_multishortcut_m3_seed018,1,18,independent_p0.30,0.9,5,8,1,142,g,g,0,0,0,1,0,1,0,0,0,0,0,26.3832206654,26.3832206654,1
random_multishortcut_m3,random_multishortcut_m3_seed018,1,18,independent_p0.50,0.25,5,8,1,142,u0,u0,0,0,0,7,0,7,0,0,0,0,0,6.14055925556,9.40190496806,1
random_multishortcut_m3,random_multishortcut_m3_seed018,1,18,independent_p0.50,0.5,5,8,1,142,u0,g,1,1,1,1,1,7,0,0,0,0,0,9.21083888335,26.3832206654,1
random_multishortcut_m3,random_multishortcut_m3_seed018,1,18,independent_p0.50,0.75,5,8,1,142,u0,g,1,1,1,1,1,7,1,0.5,2,0.5,0.325928815977,16.1936047047,26.3832206654,1
random_multishortcut_m3,random_multishortcut_m3_seed018,1,18,independent_p0.50,0.9,5,8,1,142,g,g,0,0,0,1,0,1,0,0,0,0,0,26.3832206654,26.3832206654,1
random_multishortcut_m3,random_multishortcut_m3_seed018,1,18,independent_p0.70,0.25,5,8,1,142,u0,u0,0,0,0,7,0,7,0,0,0,0,0,3.12100989362,4.72591858367,1
random_multishortcut_m3,random_multishortcut_m3_seed018,1,18,independent_p0.70,0.5,5,8,1,142,u0,u0,0,0,0,7,0,7,0,0,0,0,0,4.68151484044,10.5188117664,1
random_multishortcut_m3,random_multishortcut_m3_seed018,1,18,independent_p0.70,0.75,5,8,1,142,u0,g,1,1,1,1,1,7,0,0,0,0,0,8.91741506848,26.3832206654,1
random_multishortcut_m3,random_multishortcut_m3_seed018,1,18,independent_p0.70,0.9,5,8,1,142,u0,g,1,1,1,1,1,7,1,0.3,2,0.3,0.325928815977,18.9514280783,26.3832206654,1
random_multishortcut_m3,random_multishortcut_m3_seed018,1,18,independent_p0.90,0.25,5,8,1,142,u0,u0,0,0,0,7,0,7,0,0,0,0,0,0.606376134989,0.750506923284,1
random_multishortcut_m3,random_multishortcut_m3_seed018,1,18,independent_p0.90,0.5,5,8,1,142,u0,u0,0,0,0,7,0,7,0,0,0,0,0,0.909564202484,1.46583327119,1
random_multishortcut_m3,random_multishortcut_m3_seed018,1,18,independent_p0.90,0.75,5,8,1,142,u0,u0,0,0,0,7,0,7,0,0,0,0,0,1.81912840497,4.97210385999,1
random_multishortcut_m3,random_multishortcut_m3_seed018,1,18,independent_p0.90,0.9,5,8,1,142,u0,g,1,1,1,1,1,7,0,0,0,0,0,4.54782101242,26.3832206654,1
random_multishortcut_m3,random_multishortcut_m3_seed018,1,18,correlated_two_mode,0.25,5,8,1,142,u0,u0,0,1,0.47050618384,4,1,7,1,0.47050618384,2,0.47050618384,0.236803163611,4.34987416552,5.96661282338,1
random_multishortcut_m3,random_multishortcut_m3_seed018,1,18,correlated_two_mode,0.5,5,8,1,142,u0,u0,0,1,0.47050618384,4,1,7,1,0.47050618384,2,0.47050618384,0.484987928393,6.52481124828,12.1627480519,1
random_multishortcut_m3,random_multishortcut_m3_seed018,1,18,correlated_two_mode,0.75,5,8,1,142,u0,u0,0,0,0,7,0,7,0,0,0,0,0,9.86208530083,21.436911715,1
random_multishortcut_m3,random_multishortcut_m3_seed018,1,18,correlated_two_mode,0.9,5,8,1,142,u0,g,1,1,1,1,1,7,1,0.47050618384,2,0.47050618384,2.18536208285,18.0350605349,26.3832206654,1
random_multishortcut_m3,random_multishortcut_m3_seed019,1,19,independent_p0.10,0.25,5,8,1,142,u2,u0,1,1,1,2,1,7,0,0,0,0,0,6.75733759361,7.32989398711,1
random_multishortcut_m3,random_multishortcut_m3_seed019,1,19,independent_p0.10,0.5,5,8,1,142,u2,u0,1,1,1,2,1,7,0,0,0,0,0,7.97778674818,8.83662133843,1
random_multishortcut_m3,random_multishortcut_m3_seed019,1,19,independent_p0.10,0.75,5,8,1,142,u2,u0,1,1,1,2,1,7,0,0,0,0,0,11.6391342119,13.3568033924,1
random_multishortcut_m3,random_multishortcut_m3_seed019,1,19,independent_p0.10,0.9,5,8,1,142,u2,g,1,1,1,1,1,7,0,0,0,0,0,22.623176603,23.9589257864,1
random_multishortcut_m3,random_multishortcut_m3_seed019,1,19,independent_p0.30,0.25,5,8,1,142,u2,u0,1,1,1,2,1,7,0,0,0,0,0,7.89765509616,11.7842338584,1
random_multishortcut_m3,random_multishortcut_m3_seed019,1,19,independent_p0.30,0.5,5,8,1,142,u2,u0,1,1,1,2,1,7,0,0,0,0,0,10.9140753267,17.8769854464,1
random_multishortcut_m3,random_multishortcut_m3_seed019,1,19,independent_p0.30,0.75,5,8,1,142,u2,g,1,1,1,1,1,7,0,0,0,0,0,17.6057745231,23.9589257864,1
random_multishortcut_m3,random_multishortcut_m3_seed019,1,19,independent_p0.30,0.9,5,8,1,142,g,g,0,0,0,1,0,1,0,0,0,0,0,23.9589257864,23.9589257864,1
random_multishortcut_m3,random_multishortcut_m3_seed019,1,19,independent_p0.50,0.25,5,8,1,142,u0,u0,0,0,0,7,0,7,0,0,0,0,0,6.00726041462,9.15335149847,1
random_multishortcut_m3,random_multishortcut_m3_seed019,1,19,independent_p0.50,0.5,5,8,1,142,u2,g,1,1,1,1,1,7,0,0,0,0,0,8.79087742459,23.9589257864,1
random_multishortcut_m3,random_multishortcut_m3_seed019,1,19,independent_p0.50,0.75,5,8,1,142,u2,g,1,1,1,1,1,7,1,0.5,2,0.5,0.993563338066,15.6168944194,23.9589257864,1
random_multishortcut_m3,random_multishortcut_m3_seed019,1,19,independent_p0.50,0.9,5,8,1,142,g,g,0,0,0,1,0,1,0,0,0,0,0,23.9589257864,23.9589257864,1
random_multishortcut_m3,random_multishortcut_m3_seed019,1,19,independent_p0.70,0.25,5,8,1,142,u0,u0,0,0,0,7,0,7,0,0,0,0,0,3.09578798028,4.65396044807,1
random_multishortcut_m3,random_multishortcut_m3_seed019,1,19,independent_p0.70,0.5,5,8,1,142,u0,u0,0,0,0,7,0,7,0,0,0,0,0,4.64368197041,10.2802125902,1
random_multishortcut_m3,random_multishortcut_m3_seed019,1,19,independent_p0.70,0.75,5,8,1,142,u2,g,1,1,1,1,1,7,0,0,0,0,0,8.50685820547,23.9589257864,1
random_multishortcut_m3,random_multishortcut_m3_seed019,1,19,independent_p0.70,0.9,5,8,1,142,u2,g,1,1,1,1,1,7,1,0.3,2,0.3,0.993563338066,18.319854869,23.9589257864,1
random_multishortcut_m3,random_multishortcut_m3_seed019,1,19,independent_p0.90,0.25,5,8,1,142,u0,u0,0,0,0,7,0,7,0,0,0,0,0,0.617970536609,0.759435956302,1
random_multishortcut_m3,random_multishortcut_m3_seed019,1,19,independent_p0.90,0.5,5,8,1,142,u0,u0,0,1,0.1,4,1,7,1,0.1,2,0.1,0.0199716535569,0.926955804913,1.47000514926,1
random_multishortcut_m3,random_multishortcut_m3_seed019,1,19,independent_p0.90,0.75,5,8,1,142,u0,u0,0,1,0.1,4,1,7,1,0.1,2,0.1,0.146559246739,1.85391160983,4.89674267932,1
random_multishortcut_m3,random_multishortcut_m3_seed019,1,19,independent_p0.90,0.9,5,8,1,142,u2,g,1,1,1,1,1,7,0,0,0,0,0,4.23410023955,23.9589257864,1
random_multishortcut_m3,random_multishortcut_m3_seed019,1,19,correlated_two_mode,0.25,5,8,1,142,u0,u0,0,0,0,7,0,7,0,0,0,0,0,4.61071397514,6.37406352064,1
random_multishortcut_m3,random_multishortcut_m3_seed019,1,19,correlated_two_mode,0.5,5,8,1,142,u2,u0,1,1,1,2,1,7,0,0,0,0,0,6.75363979466,11.7861120569,1
random_multishortcut_m3,random_multishortcut_m3_seed019,1,19,correlated_two_mode,0.75,5,8,1,142,u2,u0,1,1,1,1,1,7,0,0,0,0,0,10.1935629146,18.834469998,1
random_multishortcut_m3,random_multishortcut_m3_seed019,1,19,correlated_two_mode,0.9,5,8,1,142,u0,g,1,1,1,1,1,7,1,0.514246334313,2,0.514246334313,2.48052086212,18.4303551579,23.9589257864,1
random_multishortcut_m3,random_multishortcut_m3_seed020,1,20,independent_p0.10,0.25,5,8,1,142,u0,g,1,1,1,1,1,4,1,0.9,2,0.9,0.0578792597296,7.45568851199,7.97677857975,1
random_multishortcut_m3,random_multishortcut_m3_seed020,1,20,independent_p0.10,0.5,5,8,1,142,u0,u0,0,0,0,7,0,7,0,0,0,0,0,8.87787445392,9.68358278595,1
random_multishortcut_m3,random_multishortcut_m3_seed020,1,20,independent_p0.10,0.75,5,8,1,142,u0,u0,0,0,0,7,0,7,0,0,0,0,0,12.3127362905,13.9241529546,1
random_multishortcut_m3,random_multishortcut_m3_seed020,1,20,independent_p0.10,0.9,5,8,1,142,g,g,0,0,0,1,0,1,0,0,0,0,0,22.6061166129,22.6061166129,1
random_multishortcut_m3,random_multishortcut_m3_seed020,1,20,independent_p0.30,0.25,5,8,1,142,u0,u0,0,0,0,7,0,7,0,0,0,0,0,8.40991680981,12.2846080111,1
random_multishortcut_m3,random_multishortcut_m3_seed020,1,20,independent_p0.30,0.5,5,8,1,142,u0,u0,0,1,0.3,7,1,9,1,0.3,1,0.3,2.49305881396,11.6176516891,18.1647231232,1
random_multishortcut_m3,random_multishortcut_m3_seed020,1,20,independent_p0.30,0.75,5,8,1,142,u0,g,1,1,1,1,1,7,0,0,0,0,0,17.910288913,22.6061166129,1
random_multishortcut_m3,random_multishortcut_m3_seed020,1,20,independent_p0.30,0.9,5,8,1,142,g,g,0,0,0,1,0,1,0,0,0,0,0,22.6061166129,22.6061166129,1
random_multishortcut_m3,random_multishortcut_m3_seed020,1,20,independent_p0.50,0.25,5,8,1,142,u0,u0,0,0,0,7,0,7,0,0,0,0,0,6.17916561761,9.2554559643,1
random_multishortcut_m3,random_multishortcut_m3_seed020,1,20,independent_p0.50,0.5,5,8,1,142,u0,g,1,1,1,1,1,7,0,0,0,0,0,9.26874842641,22.6061166129,1
random_multishortcut_m3,random_multishortcut_m3_seed020,1,20,independent_p0.50,0.75,5,8,1,142,u0,g,1,1,1,1,1,7,1,0.5,2,0.5,1.88012292149,16.0444380389,22.6061166129,1
random_multishortcut_m3,random_multishortcut_m3_seed020,1,20,independent_p0.50,0.9,5,8,1,142,g,g,0,0,0,1,0,1,0,0,0,0,0,22.6061166129,22.6061166129,1
random_multishortcut_m3,random_multishortcut_m3_seed020,1,20,independent_p0.70,0.25,5,8,1,142,u0,u0,0,0,0,7,0,7,0,0,0,0,0,3.1322574528,4.63550852668,1
random_multishortcut_m3,random_multishortcut_m3_seed020,1,20,independent_p0.70,0.5,5,8,1,142,u0,u0,0,0,0,7,0,7,0,0,0,0,0,4.69838617921,10.1908449611,1
random_multishortcut_m3,random_multishortcut_m3_seed020,1,20,independent_p0.70,0.75,5,8,1,142,u0,g,1,1,1,1,1,7,0,0,0,0,0,8.89816059562,22.6061166129,1
random_multishortcut_m3,random_multishortcut_m3_seed020,1,20,independent_p0.70,0.9,5,8,1,142,u0,g,1,1,1,1,1,7,1,0.3,2,0.3,1.88012292149,18.5058132681,22.6061166129,1
random_multishortcut_m3,random_multishortcut_m3_seed020,1,20,independent_p0.90,0.25,5,8,1,142,u0,u0,0,0,0,7,0,7,0,0,0,0,0,0.626174769356,0.761791035575,1
random_multishortcut_m3,random_multishortcut_m3_seed020,1,20,independent_p0.90,0.5,5,8,1,142,u0,u0,0,0,0,7,0,7,0,0,0,0,0,0.939262154034,1.46472394865,1
random_multishortcut_m3,random_multishortcut_m3_seed020,1,20,independent_p0.90,0.75,5,8,1,142,u0,u0,0,0,0,7,0,7,0,0,0,0,0,1.87852430807,4.86167226901,1
random_multishortcut_m3,random_multishortcut_m3_seed020,1,20,independent_p0.90,0.9,5,8,1,142,u0,g,1,1,1,1,1,7,0,0,0,0,0,4.69631077017,22.6061166129,1
random_multishortcut_m3,random_multishortcut_m3_seed020,1,20,correlated_two_mode,0.25,5,8,1,142,u0,u0,0,0,0,7,0,7,0,0,0,0,0,5.06954097692,6.84721014673,1
random_multishortcut_m3,random_multishortcut_m3_seed020,1,20,correlated_two_mode,0.5,5,8,1,142,u0,u0,0,0,0,7,0,7,0,0,0,0,0,7.3002741901,11.2970227205,1
random_multishortcut_m3,random_multishortcut_m3_seed020,1,20,correlated_two_mode,0.75,5,8,1,142,u0,u0,0,0,0,7,0,7,0,0,0,0,0,10.2314564493,17.1510328236,1
random_multishortcut_m3,random_multishortcut_m3_seed020,1,20,correlated_two_mode,0.9,5,8,1,142,u0,g,1,1,1,1,1,7,1,0.560976755456,2,0.560976755456,1.88012292149,17.4141221973,22.6061166129,1
random_multishortcut_m3,random_multishortcut_m3_seed021,1,21,independent_p0.10,0.25,5,8,1,142,u0,u0,0,0,0,7,0,7,0,0,0,0,0,7.10109515951,7.68420913777,1
random_multishortcut_m3,random_multishortcut_m3_seed021,1,21,independent_p0.10,0.5,5,8,1,142,u0,u0,0,0,0,7,0,7,0,0,0,0,0,8.34404863948,9.21871960688,1
random_multishortcut_m3,random_multishortcut_m3_seed021,1,21,independent_p0.10,0.75,5,8,1,142,u0,u0,0,0,0,7,0,7,0,0,0,0,0,12.0729090794,13.8222510142,1
random_multishortcut_m3,random_multishortcut_m3_seed021,1,21,independent_p0.10,0.9,5,8,1,142,u0,u0,0,1,0.9,4,1,7,1,0.9,2,0.9,0.162037817553,23.2594903992,25.169041715,1
random_multishortcut_m3,random_multishortcut_m3_seed021,1,21,independent_p0.30,0.25,5,8,1,142,u0,u0,0,0,0,7,0,7,0,0,0,0,0,8.14253313808,12.1785591475,1
random_multishortcut_m3,random_multishortcut_m3_seed021,1,21,independent_p0.30,0.5,5,8,1,142,u0,u0,0,0,0,7,0,7,0,0,0,0,0,11.3363005261,18.4257824215,1
random_multishortcut_m3,random_multishortcut_m3_seed021,1,21,independent_p0.30,0.75,5,8,1,142,u0,u0,0,1,0.7,4,1,7,0,0,0,0,0,18.1495705371,25.169041715,1
random_multishortcut_m3,random_multishortcut_m3_seed021,1,21,independent_p0.30,0.9,5,8,1,142,u0,u0,0,0,0,4,0,4,0,0,0,0,0,25.169041715,25.169041715,1
random_multishortcut_m3,random_multishortcut_m3_seed021,1,21,independent_p0.50,0.25,5,8,1,142,u0,u0,0,0,0,7,0,7,0,0,0,0,0,6.11844403403,9.37300994092,1
random_multishortcut_m3,random_multishortcut_m3_seed021,1,21,independent_p0.50,0.5,5,8,1,142,u0,u0,0,1,0.5,4,1,7,0,0,0,0,0,9.17766605105,25.169041715,1
random_multishortcut_m3,random_multishortcut_m3_seed021,1,21,independent_p0.50,0.75,5,8,1,142,u0,u0,0,1,0.5,4,1,7,1,0.5,2,0.5,2.46380352122,16.1240167179,25.169041715,1
random_multishortcut_m3,random_multishortcut_m3_seed021,1,21,independent_p0.50,0.9,5,8,1,142,u0,u0,0,0,0,4,0,4,0,0,0,0,0,25.169041715,25.169041715,1
random_multishortcut_m3,random_multishortcut_m3_seed021,1,21,independent_p0.70,0.25,5,8,1,142,u0,u0,0,0,0,7,0,7,0,0,0,0,0,3.12102632167,4.72787484177,1
random_multishortcut_m3,random_multishortcut_m3_seed021,1,21,independent_p0.70,0.5,5,8,1,142,u0,u0,0,0,0,7,0,7,0,0,0,0,0,4.6815394825,10.5025233467,1
random_multishortcut_m3,random_multishortcut_m3_seed021,1,21,independent_p0.70,0.75,5,8,1,142,u0,u0,0,1,0.3,4,1,7,0,0,0,0,0,8.93280202933,25.169041715,1
random_multishortcut_m3,random_multishortcut_m3_seed021,1,21,independent_p0.70,0.9,5,8,1,142,u0,u0,0,1,0.3,4,1,7,1,0.3,2,0.3,2.46380352122,18.8859179217,25.169041715,1
random_multishortcut_m3,random_multishortcut_m3_seed021,1,21,independent_p0.90,0.25,5,8,1,142,u0,u0,0,0,0,7,0,7,0,0,0,0,0,0.600647473312,0.745882282045,1
random_multishortcut_m3,random_multishortcut_m3_seed021,1,21,independent_p0.90,0.5,5,8,1,142,u0,u0,0,0,0,7,0,7,0,0,0,0,0,0.900971209968,1.46309666677,1
random_multishortcut_m3,random_multishortcut_m3_seed021,1,21,independent_p0.90,0.75,5,8,1,142,u0,u0,0,1,0.1,4,1,7,1,0.1,2,0.1,0.0460906972728,1.80194241994,4.97595429942,1
random_multishortcut_m3,random_multishortcut_m3_seed021,1,21,independent_p0.90,0.9,5,8,1,142,u0,u0,0,1,0.1,4,1,7,1,0.1,2,0.1,0.51705667842,4.50485604984,25.169041715,1
random_multishortcut_m3,random_multishortcut_m3_seed021,1,21,correlated_two_mode,0.25,5,8,1,142,u0,u0,0,0,0,7,0,7,0,0,0,0,0,3.89453478853,5.42148269563,1
random_multishortcut_m3,random_multishortcut_m3_seed021,1,21,correlated_two_mode,0.5,5,8,1,142,u0,u0,0,0,0,7,0,7,0,0,0,0,0,5.8418021828,10.9542246483,1
random_multishortcut_m3,random_multishortcut_m3_seed021,1,21,correlated_two_mode,0.75,5,8,1,142,u0,u0,0,0,0,7,0,7,0,0,0,0,0,9.49260161311,19.8302248969,1
random_multishortcut_m3,random_multishortcut_m3_seed021,1,21,correlated_two_mode,0.9,5,8,1,142,u0,u0,0,1,0.439147279105,4,1,7,1,0.439147279105,2,0.439147279105,2.8028362409,16.0603805362,25.169041715,1
random_multishortcut_m3,random_multishortcut_m3_seed022,1,22,independent_p0.10,0.25,5,8,1,142,u0,u0,0,0,0,7,0,7,0,0,0,0,0,7.11193705373,7.6497558074,1
random_multishortcut_m3,random_multishortcut_m3_seed022,1,22,independent_p0.10,0.5,5,8,1,142,u0,u0,0,0,0,7,0,7,0,0,0,0,0,8.25834018656,9.06506831706,1
random_multishortcut_m3,random_multishortcut_m3_seed022,1,22,independent_p0.10,0.75,5,8,1,142,u0,u0,0,0,0,7,0,7,0,0,0,0,0,11.697549585,13.311005846,1
random_multishortcut_m3,random_multishortcut_m3_seed022,1,22,independent_p0.10,0.9,5,8,1,142,u0,u0,0,0,0,7,0,7,0,0,0,0,0,22.0151777804,26.048818433,1
random_multishortcut_m3,random_multishortcut_m3_seed022,1,22,independent_p0.30,0.25,5,8,1,142,u1,u1,0,0,0,7,0,7,0,0,0,0,0,7.97316914274,11.744553016,1
random_multishortcut_m3,random_multishortcut_m3_seed022,1,22,independent_p0.30,0.5,5,8,1,142,u1,u0,1,1,1,2,1,7,0,0,0,0,0,11.0109930536,17.556943375,1
random_multishortcut_m3,random_multishortcut_m3_seed022,1,22,independent_p0.30,0.75,5,8,1,142,u0,u0,0,0,0,7,0,7,0,0,0,0,0,17.3021871233,26.048818433,1
random_multishortcut_m3,random_multishortcut_m3_seed022,1,22,independent_p0.30,0.9,5,8,1,142,u0,u0,0,0,0,7,0,7,0,0,0,0,0,26.048818433,26.048818433,1
random_multishortcut_m3,random_multishortcut_m3_seed022,1,22,independent_p0.50,0.25,5,8,1,142,u1,u1,0,0,0,7,0,7,0,0,0,0,0,5.9713580537,8.98324695999,1
random_multishortcut_m3,random_multishortcut_m3_seed022,1,22,independent_p0.50,0.5,5,8,1,142,u1,u0,1,1,1,2,1,7,0,0,0,0,0,8.88490514767,26.048818433,1
random_multishortcut_m3,random_multishortcut_m3_seed022,1,22,independent_p0.50,0.75,5,8,1,142,u0,u0,0,0,0,7,0,7,0,0,0,0,0,15.4339746105,26.048818433,1
random_multishortcut_m3,random_multishortcut_m3_seed022,1,22,independent_p0.50,0.9,5,8,1,142,u0,u0,0,0,0,7,0,7,0,0,0,0,0,26.048818433,26.048818433,1
random_multishortcut_m3,random_multishortcut_m3_seed022,1,22,independent_p0.70,0.25,5,8,1,142,u0,u0,0,0,0,7,0,7,0,0,0,0,0,3.05691208566,4.53735177252,1
random_multishortcut_m3,random_multishortcut_m3_seed022,1,22,independent_p0.70,0.5,5,8,1,142,u1,u0,1,1,1,2,1,7,0,0,0,0,0,4.58114071904,9.97356546066,1
random_multishortcut_m3,random_multishortcut_m3_seed022,1,22,independent_p0.70,0.75,5,8,1,142,u1,u0,1,1,1,2,1,7,0,0,0,0,0,8.5797032085,26.048818433,1
random_multishortcut_m3,random_multishortcut_m3_seed022,1,22,independent_p0.70,0.9,5,8,1,142,u1,u0,1,1,1,2,1,7,0,0,0,0,0,17.945504494,26.048818433,1
random_multishortcut_m3,random_multishortcut_m3_seed022,1,22,independent_p0.90,0.25,5,8,1,142,u0,u0,0,0,0,7,0,7,0,0,0,0,0,0.617006741306,0.750048650742,1
random_multishortcut_m3,random_multishortcut_m3_seed022,1,22,independent_p0.90,0.5,5,8,1,142,u0,u0,0,0,0,7,0,7,0,0,0,0,0,0.925510111959,1.43927995384,1
random_multishortcut_m3,random_multishortcut_m3_seed022,1,22,independent_p0.90,0.75,5,8,1,142,u0,u0,0,0,0,7,0,7,0,0,0,0,0,1.85102022392,4.76380177406,1
random_multishortcut_m3,random_multishortcut_m3_seed022,1,22,independent_p0.90,0.9,5,8,1,142,u1,u0,1,1,1,2,1,7,0,0,0,0,0,4.49483708318,26.048818433,1
random_multishortcut_m3,random_multishortcut_m3_seed022,1,22,correlated_two_mode,0.25,5,8,1,142,u1,u1,0,0,0,7,0,7,0,0,0,0,0,5.69308570948,7.07928362212,1
random_multishortcut_m3,random_multishortcut_m3_seed022,1,22,correlated_two_mode,0.5,5,8,1,142,u0,u0,0,0,0,7,0,7,0,0,0,0,0,7.60018967795,9.90846375057,1
random_multishortcut_m3,random_multishortcut_m3_seed022,1,22,correlated_two_mode,0.75,5,8,1,142,u0,u0,0,0,0,7,0,7,0,0,0,0,0,10.3812485678,14.9977967131,1
random_multishortcut_m3,random_multishortcut_m3_seed022,1,22,correlated_two_mode,0.9,5,8,1,142,u0,u0,0,0,0,7,0,7,0,0,0,0,0,18.7244252374,26.048818433,1
random_multishortcut_m3,random_multishortcut_m3_seed023,1,23,independent_p0.10,0.25,5,8,1,142,u0,u0,0,0,0,7,0,7,0,0,0,0,0,6.44403120638,6.98595560757,1
random_multishortcut_m3,random_multishortcut_m3_seed023,1,23,independent_p0.10,0.5,5,8,1,142,u0,u0,0,0,0,7,0,7,0,0,0,0,0,7.59918585102,8.41207245281,1
random_multishortcut_m3,random_multishortcut_m3_seed023,1,23,independent_p0.10,0.75,5,8,1,142,u0,u0,0,0,0,7,0,7,0,0,0,0,0,11.064649785,12.6904229885,1
random_multishortcut_m3,random_multishortcut_m3_seed023,1,23,independent_p0.10,0.9,5,8,1,142,u0,g,1,1,1,1,1,7,0,0,0,0,0,21.4610415868,21.8406977899,1
random_multishortcut_m3,random_multishortcut_m3_seed023,1,23,independent_p0.30,0.25,5,8,1,142,u2,u2,0,0,0,7,0,7,0,0,0,0,0,7.44730358516,11.1825551965,1
random_multishortcut_m3,random_multishortcut_m3_seed023,1,23,independent_p0.30,0.5,5,8,1,142,u2,u0,1,1,1,2,1,7,0,0,0,0,0,10.3778869506,16.9687735243,1
random_multishortcut_m3,random_multishortcut_m3_seed023,1,23,independent_p0.30,0.75,5,8,1,142,u0,g,1,1,1,1,1,7,0,0,0,0,0,16.7120724921,21.8406977899,1
random_multishortcut_m3,random_multishortcut_m3_seed023,1,23,independent_p0.30,0.9,5,8,1,142,g,g,0,0,0,1,0,1,0,0,0,0,0,21.8406977899,21.8406977899,1
random_multishortcut_m3,random_multishortcut_m3_seed023,1,23,independent_p0.50,0.25,5,8,1,142,u0,u0,0,0,0,7,0,7,0,0,0,0,0,5.69337031903,8.67562076438,1
random_multishortcut_m3,random_multishortcut_m3_seed023,1,23,independent_p0.50,0.5,5,8,1,142,u2,g,1,1,1,1,1,7,0,0,0,0,0,8.35640373641,21.8406977899,1
random_multishortcut_m3,random_multishortcut_m3_seed023,1,23,independent_p0.50,0.75,5,8,1,142,u0,g,1,1,1,1,1,7,1,0.5,2,0.5,1.83211151091,14.8295982564,21.8406977899,1
random_multishortcut_m3,random_multishortcut_m3_seed023,1,23,independent_p0.50,0.9,5,8,1,142,g,g,0,0,0,1,0,1,0,0,0,0,0,21.8406977899,21.8406977899,1
random_multishortcut_m3,random_multishortcut_m3_seed023,1,23,independent_p0.70,0.25,5,8,1,142,u0,u0,0,0,0,7,0,7,0,0,0,0,0,2.92309741124,4.39602028824,1
random_multishortcut_m3,random_multishortcut_m3_seed023,1,23,independent_p0.70,0.5,5,8,1,142,u0,u0,0,0,0,7,0,7,0,0,0,0,0,4.38464611687,9.72929390263,1
random_multishortcut_m3,random_multishortcut_m3_seed023,1,23,independent_p0.70,0.75,5,8,1,142,u2,g,1,1,1,1,1,7,0,0,0,0,0,8.08411546368,21.8406977899,1
random_multishortcut_m3,random_multishortcut_m3_seed023,1,23,independent_p0.70,0.9,5,8,1,142,u2,g,1,1,1,1,1,7,1,0.3,2,0.3,1.80156758943,17.3854748346,21.8406977899,1
random_multishortcut_m3,random_multishortcut_m3_seed023,1,23,independent_p0.90,0.25,5,8,1,142,u0,u0,0,0,0,7,0,7,0,0,0,0,0,0.581878848452,0.713845460446,1
random_multishortcut_m3,random_multishortcut_m3_seed023,1,23,independent_p0.90,0.5,5,8,1,142,u0,u0,0,0,0,7,0,7,0,0,0,0,0,0.872818272678,1.38110101594,1
random_multishortcut_m3,random_multishortcut_m3_seed023,1,23,independent_p0.90,0.75,5,8,1,142,u0,u0,0,0,0,7,0,7,0,0,0,0,0,1.74563654536,4.62419898348,1
random_multishortcut_m3,random_multishortcut_m3_seed023,1,23,independent_p0.90,0.9,5,8,1,142,u2,g,1,1,1,1,1,7,0,0,0,0,0,4.03351822756,21.8406977899,1
random_multishortcut_m3,random_multishortcut_m3_seed023,1,23,correlated_two_mode,0.25,5,8,1,142,u0,u0,0,0,0,7,0,7,0,0,0,0,0,4.19742435105,5.77574357799,1
random_multishortcut_m3,random_multishortcut_m3_seed023,1,23,correlated_two_mode,0.5,5,8,1,142,u2,u0,1,1,1,2,1,7,0,0,0,0,0,6.06050826254,10.2725800809,1
random_multishortcut_m3,random_multishortcut_m3_seed023,1,23,correlated_two_mode,0.75,5,8,1,142,u0,u0,0,0,0,7,0,7,0,0,0,0,0,8.95404653718,16.4114382447,1
random_multishortcut_m3,random_multishortcut_m3_seed023,1,23,correlated_two_mode,0.9,5,8,1,142,u0,g,1,1,1,1,1,7,1,0.534822520965,2,0.534822520965,1.83211151091,16.1845334673,21.8406977899,1
random_multishortcut_m3,random_multishortcut_m3_seed024,1,24,independent_p0.10,0.25,5,8,1,142,u0,u0,0,0,0,7,0,7,0,0,0,0,0,6.99907631188,7.54908541951,1
random_multishortcut_m3,random_multishortcut_m3_seed024,1,24,independent_p0.10,0.5,5,8,1,142,u0,u0,0,0,0,7,0,7,0,0,0,0,0,8.17146414656,8.996477808,1
random_multishortcut_m3,random_multishortcut_m3_seed024,1,24,independent_p0.10,0.75,5,8,1,142,u0,u0,0,0,0,7,0,7,0,0,0,0,0,11.6886276506,13.3386549735,1
random_multishortcut_m3,random_multishortcut_m3_seed024,1,24,independent_p0.10,0.9,5,8,1,142,u0,u0,0,1,0.9,4,1,7,0,0,0,0,0,22.2401181627,25.0930431859,1
random_multishortcut_m3,random_multishortcut_m3_seed024,1,24,independent_p0.30,0.25,5,8,1,142,u0,u0,0,0,0,7,0,7,0,0,0,0,0,7.99415350432,11.7745639167,1
random_multishortcut_m3,random_multishortcut_m3_seed024,1,24,independent_p0.30,0.5,5,8,1,142,u0,u0,0,0,0,7,0,7,0,0,0,0,0,10.9940729293,17.6808321389,1
random_multishortcut_m3,random_multishortcut_m3_seed024,1,24,independent_p0.30,0.75,5,8,1,142,u0,u0,0,1,0.7,4,1,7,0,0,0,0,0,17.420301509,25.0930431859,1
random_multishortcut_m3,random_multishortcut_m3_seed024,1,24,independent_p0.30,0.9,5,8,1,142,u0,u0,0,0,0,4,0,4,0,0,0,0,0,25.0930431859,25.0930431859,1
random_multishortcut_m3,random_multishortcut_m3_seed024,1,24,independent_p0.50,0.25,5,8,1,142,u0,u0,0,0,0,7,0,7,0,0,0,0,0,6.00087895806,9.05540941619,1
random_multishortcut_m3,random_multishortcut_m3_seed024,1,24,independent_p0.50,0.5,5,8,1,142,u0,u0,0,1,0.5,4,1,7,0,0,0,0,0,9.00131843709,25.0930431859,1
random_multishortcut_m3,random_multishortcut_m3_seed024,1,24,independent_p0.50,0.75,5,8,1,142,u0,u0,0,1,0.5,4,1,7,1,0.5,2,0.5,1.27214328395,15.5097435562,25.0930431859,1
random_multishortcut_m3,random_multishortcut_m3_seed024,1,24,independent_p0.50,0.9,5,8,1,142,u0,u0,0,0,0,4,0,4,0,0,0,0,0,25.0930431859,25.0930431859,1
random_multishortcut_m3,random_multishortcut_m3_seed024,1,24,independent_p0.70,0.25,5,8,1,142,u0,u0,0,0,0,7,0,7,0,0,0,0,0,3.08024061564,4.58514144934,1
random_multishortcut_m3,random_multishortcut_m3_seed024,1,24,independent_p0.70,0.5,5,8,1,142,u0,u0,0,0,0,7,0,7,0,0,0,0,0,4.62036092345,10.0897615255,1
random_multishortcut_m3,random_multishortcut_m3_seed024,1,24,independent_p0.70,0.75,5,8,1,142,u0,u0,0,1,0.3,4,1,7,0,0,0,0,0,8.74214318331,25.0930431859,1
random_multishortcut_m3,random_multishortcut_m3_seed024,1,24,independent_p0.70,0.9,5,8,1,142,u0,u0,0,1,0.3,4,1,7,1,0.3,2,0.3,1.27214328395,18.1160179813,25.0930431859,1
random_multishortcut_m3,random_multishortcut_m3_seed024,1,24,independent_p0.90,0.25,5,8,1,142,u0,u0,0,0,0,7,0,7,0,0,0,0,0,0.621735169987,0.756782098432,1
random_multishortcut_m3,random_multishortcut_m3_seed024,1,24,independent_p0.90,0.5,5,8,1,142,u0,u0,0,0,0,7,0,7,0,0,0,0,0,0.93260275498,1.45347038967,1
random_multishortcut_m3,random_multishortcut_m3_seed024,1,24,independent_p0.90,0.75,5,8,1,142,u0,u0,0,0,0,7,0,7,0,0,0,0,0,1.86520550996,4.8167242315,1
random_multishortcut_m3,random_multishortcut_m3_seed024,1,24,independent_p0.90,0.9,5,8,1,142,u0,u0,0,1,0.1,4,1,7,0,0,0,0,0,4.6630137749,25.0930431859,1
random_multishortcut_m3,random_multishortcut_m3_seed024,1,24,correlated_two_mode,0.25,5,8,1,142,u0,u0,0,0,0,7,0,7,0,0,0,0,0,4.60001473856,6.29113668768,1
random_multishortcut_m3,random_multishortcut_m3_seed024,1,24,correlated_two_mode,0.5,5,8,1,142,u0,u0,0,0,0,7,0,7,0,0,0,0,0,6.70729868165,11.255747128,1
random_multishortcut_m3,random_multishortcut_m3_seed024,1,24,correlated_two_mode,0.75,5,8,1,142,u0,u0,0,0,0,7,0,7,0,0,0,0,0,9.74776575357,17.8571936135,1
random_multishortcut_m3,random_multishortcut_m3_seed024,1,24,correlated_two_mode,0.9,5,8,1,142,u0,u0,0,1,0.538654567527,4,1,7,1,0.538654567527,2,0.538654567527,1.27214328395,17.3879634201,25.0930431859,1
random_multishortcut_m3,random_multishortcut_m3_seed025,1,25,independent_p0.10,0.25,5,8,1,142,u1,u0,1,1,1,2,1,7,0,0,0,0,0,6.97840527923,7.51062806709,1
random_multishortcut_m3,random_multishortcut_m3_seed025,1,25,independent_p0.10,0.5,5,8,1,142,u1,u0,1,1,1,2,1,7,0,0,0,0,0,8.11288016914,8.91121435093,1
random_multishortcut_m3,random_multishortcut_m3_seed025,1,25,independent_p0.10,0.75,5,8,1,142,u1,u0,1,1,1,2,1,7,0,0,0,0,0,11.5163048389,13.1129732025,1
random_multishortcut_m3,random_multishortcut_m3_seed025,1,25,independent_p0.10,0.9,5,8,1,142,u1,u0,1,1,1,1,1,7,0,0,0,0,0,21.7265788481,24.3936131248,1
random_multishortcut_m3,random_multishortcut_m3_seed025,1,25,independent_p0.30,0.25,5,8,1,142,u0,u0,0,0,0,7,0,7,0,0,0,0,0,7.92859917645,11.5859747102,1
random_multishortcut_m3,random_multishortcut_m3_seed025,1,25,independent_p0.30,0.5,5,8,1,142,u0,u0,0,0,0,7,0,7,0,0,0,0,0,10.8442827042,17.314732054,1
random_multishortcut_m3,random_multishortcut_m3_seed025,1,25,independent_p0.30,0.75,5,8,1,142,u0,u0,0,1,0.7,4,1,7,0,0,0,0,0,17.0626265229,24.3936131248,1
random_multishortcut_m3,random_multishortcut_m3_seed025,1,25,independent_p0.30,0.9,5,8,1,142,u0,u0,0,0,0,4,0,4,0,0,0,0,0,24.3936131248,24.3936131248,1
random_multishortcut_m3,random_multishortcut_m3_seed025,1,25,independent_p0.50,0.25,5,8,1,142,u0,u0,0,0,0,7,0,7,0,0,0,0,0,5.94513092648,8.90048373932,1
random_multishortcut_m3,random_multishortcut_m3_seed025,1,25,independent_p0.50,0.5,5,8,1,142,u0,u0,0,1,0.5,4,1,7,0,0,0,0,0,8.91769638973,24.3936131248,1
random_multishortcut_m3,random_multishortcut_m3_seed025,1,25,independent_p0.50,0.75,5,8,1,142,u0,u0,0,1,0.5,4,1,7,1,0.5,2,0.5,1.32463663226,15.2138526282,24.3936131248,1
random_multishortcut_m3,random_multishortcut_m3_seed025,1,25,independent_p0.50,0.9,5,8,1,142,u0,u0,0,0,0,4,0,4,0,0,0,0,0,24.3936131248,24.3936131248,1
random_multishortcut_m3,random_multishortcut_m3_seed025,1,25,independent_p0.70,0.25,5,8,1,142,u0,u0,0,0,0,7,0,7,0,0,0,0,0,3.06390461991,4.51999579201,1
random_multishortcut_m3,random_multishortcut_m3_seed025,1,25,independent_p0.70,0.5,5,8,1,142,u0,u0,0,0,0,7,0,7,0,0,0,0,0,4.59585692987,9.88773954884,1
random_multishortcut_m3,random_multishortcut_m3_seed025,1,25,independent_p0.70,0.75,5,8,1,142,u0,u0,0,1,0.3,4,1,7,0,0,0,0,0,8.6674058295,24.3936131248,1
random_multishortcut_m3,random_multishortcut_m3_seed025,1,25,independent_p0.70,0.9,5,8,1,142,u0,u0,0,1,0.3,4,1,7,1,0.3,2,0.3,1.32463663226,17.7362043469,24.3936131248,1
random_multishortcut_m3,random_multishortcut_m3_seed025,1,25,independent_p0.90,0.25,5,8,1,142,u0,u0,0,0,0,7,0,7,0,0,0,0,0,0.62948308923,0.760146857599,1
random_multishortcut_m3,random_multishortcut_m3_seed025,1,25,independent_p0.90,0.5,5,8,1,142,u0,u0,0,0,0,7,0,7,0,0,0,0,0,0.944224633844,1.44817641448,1
random_multishortcut_m3,random_multishortcut_m3_seed025,1,25,independent_p0.90,0.75,5,8,1,142,u0,u0,0,0,0,7,0,7,0,0,0,0,0,1.88844926769,4.74408959742,1
random_multishortcut_m3,random_multishortcut_m3_seed025,1,25,independent_p0.90,0.9,5,8,1,142,u0,u0,0,1,0.1,4,1,7,0,0,0,0,0,4.72112316922,24.3936131248,1
random_multishortcut_m3,random_multishortcut_m3_seed025,1,25,correlated_two_mode,0.25,5,8,1,142,u0,u0,0,0,0,7,0,7,0,0,0,0,0,4.02355924515,5.35983201464,1
random_multishortcut_m3,random_multishortcut_m3_seed025,1,25,correlated_two_mode,0.5,5,8,1,142,u0,u0,0,0,0,7,0,7,0,0,0,0,0,6.03533886772,10.8524522236,1
random_multishortcut_m3,random_multishortcut_m3_seed025,1,25,correlated_two_mode,0.75,5,8,1,142,u0,u0,0,0,0,7,0,7,0,0,0,0,0,9.17907617519,18.6960613711,1
random_multishortcut_m3,random_multishortcut_m3_seed025,1,25,correlated_two_mode,0.9,5,8,1,142,u0,u0,0,1,0.455213329814,4,1,7,1,0.455213329814,2,0.455213329814,2.5227641103,15.2312340457,24.3936131248,1
random_multishortcut_m3,random_multishortcut_m3_seed026,1,26,independent_p0.10,0.25,5,8,1,142,u2,u0,1,1,1,2,1,7,0,0,0,0,0,7.17878579766,7.83296944543,1
random_multishortcut_m3,random_multishortcut_m3_seed026,1,26,independent_p0.10,0.5,5,8,1,142,u2,u0,1,1,1,1,1,7,0,0,0,0,0,8.57322988897,9.54780671798,1
random_multishortcut_m3,random_multishortcut_m3_seed026,1,26,independent_p0.10,0.75,5,8,1,142,u0,u0,0,0,0,7,0,7,0,0,0,0,0,12.3766672483,14.1104849926,1
random_multishortcut_m3,random_multishortcut_m3_seed026,1,26,independent_p0.10,0.9,5,8,1,142,u0,g,1,1,1,1,1,7,0,0,0,0,0,23.4639754557,25.9615779015,1
random_multishortcut_m3,random_multishortcut_m3_seed026,1,26,independent_p0.30,0.25,5,8,1,142,u0,u0,0,0,0,7,0,7,0,0,0,0,0,8.31001572925,12.4210536907,1
random_multishortcut_m3,random_multishortcut_m3_seed026,1,26,independent_p0.30,0.5,5,8,1,142,u0,u0,0,0,0,7,0,7,0,0,0,0,0,11.6341086837,18.6731632673,1
random_multishortcut_m3,random_multishortcut_m3_seed026,1,26,independent_p0.30,0.75,5,8,1,142,u0,g,1,1,1,1,1,7,0,0,0,0,0,18.3994025708,25.9615779015,1
random_multishortcut_m3,random_multishortcut_m3_seed026,1,26,independent_p0.30,0.9,5,8,1,142,g,g,0,0,0,1,0,1,0,0,0,0,0,25.9615779015,25.9615779015,1
random_multishortcut_m3,random_multishortcut_m3_seed026,1,26,independent_p0.50,0.25,5,8,1,142,u0,u0,0,0,0,7,0,7,0,0,0,0,0,6.15637046846,9.43675540587,1
random_multishortcut_m3,random_multishortcut_m3_seed026,1,26,independent_p0.50,0.5,5,8,1,142,u0,g,1,1,1,1,1,7,0,0,0,0,0,9.23455570269,25.9615779015,1
random_multishortcut_m3,random_multishortcut_m3_seed026,1,26,independent_p0.50,0.75,5,8,1,142,u0,g,1,1,1,1,1,7,0,0,0,0,0,16.39182413,25.9615779015,1
random_multishortcut_m3,random_multishortcut_m3_seed026,1,26,independent_p0.50,0.9,5,8,1,142,g,g,0,0,0,1,0,1,0,0,0,0,0,25.9615779015,25.9615779015,1
random_multishortcut_m3,random_multishortcut_m3_seed026,1,26,independent_p0.70,0.25,5,8,1,142,u0,u0,0,0,0,7,0,7,0,0,0,0,0,3.09618072567,4.70296927544,1
random_multishortcut_m3,random_multishortcut_m3_seed026,1,26,independent_p0.70,0.5,5,8,1,142,u0,u0,0,0,0,7,0,7,0,0,0,0,0,4.6442710885,10.5060160801,1
random_multishortcut_m3,random_multishortcut_m3_seed026,1,26,independent_p0.70,0.75,5,8,1,142,u0,g,1,1,1,1,1,7,0,0,0,0,0,8.87308472192,25.9615779015,1
random_multishortcut_m3,random_multishortcut_m3_seed026,1,26,independent_p0.70,0.9,5,8,1,142,u0,g,1,1,1,1,1,7,0,0,0,0,0,19.0667808917,25.9615779015,1
random_multishortcut_m3,random_multishortcut_m3_seed026,1,26,independent_p0.90,0.25,5,8,1,142,u0,u0,0,0,0,7,0,7,0,0,0,0,0,0.589503548773,0.734237993009,1
random_multishortcut_m3,random_multishortcut_m3_seed026,1,26,independent_p0.90,0.5,5,8,1,142,u0,u0,0,0,0,7,0,7,0,0,0,0,0,0.884255323159,1.44430675673,1
random_multishortcut_m3,random_multishortcut_m3_seed026,1,26,independent_p0.90,0.75,5,8,1,142,u0,u0,0,0,0,7,0,7,0,0,0,0,0,1.76851064632,4.94631211675,1
random_multishortcut_m3,random_multishortcut_m3_seed026,1,26,independent_p0.90,0.9,5,8,1,142,u0,g,1,1,1,1,1,7,0,0,0,0,0,4.4212766158,25.9615779015,1
random_multishortcut_m3,random_multishortcut_m3_seed026,1,26,correlated_two_mode,0.25,5,8,1,142,u0,u1,1,1,1,2,1,7,0,0,0,0,0,5.47598052243,6.95365503946,1
random_multishortcut_m3,random_multishortcut_m3_seed026,1,26,correlated_two_mode,0.5,5,8,1,142,u0,u0,0,0,0,7,0,7,0,0,0,0,0,7.52294069731,9.93035801615,1
random_multishortcut_m3,random_multishortcut_m3_seed026,1,26,correlated_two_mode,0.75,5,8,1,142,u0,u0,0,0,0,7,0,7,0,0,0,0,0,10.0607529513,14.875587589,1
random_multishortcut_m3,random_multishortcut_m3_seed026,1,26,correlated_two_mode,0.9,5,8,1,142,u0,g,1,1,1,1,1,7,0,0,0,0,0,17.6741897132,25.9615779015,1
random_multishortcut_m3,random_multishortcut_m3_seed027,1,27,independent_p0.10,0.25,5,8,1,142,u0,u0,0,0,0,7,0,7,0,0,0,0,0,6.60449973968,7.14203588822,1
random_multishortcut_m3,random_multishortcut_m3_seed027,1,27,independent_p0.10,0.5,5,8,1,142,u0,u0,0,0,0,7,0,7,0,0,0,0,0,7.75030047735,8.55660470015,1
random_multishortcut_m3,random_multishortcut_m3_seed027,1,27,independent_p0.10,0.75,5,8,1,142,u0,u0,0,0,0,7,0,7,0,0,0,0,0,11.1877026903,12.8003111359,1
random_multishortcut_m3,random_multishortcut_m3_seed027,1,27,independent_p0.10,0.9,5,8,1,142,u0,g,1,1,1,1,1,7,0,0,0,0,0,21.4999093293,23.3472858938,1
random_multishortcut_m3,random_multishortcut_m3_seed027,1,27,independent_p0.30,0.25,5,8,1,142,u0,u0,0,0,0,7,0,7,0,0,0,0,0,7.48139090175,11.2626706774,1
random_multishortcut_m3,random_multishortcut_m3_seed027,1,27,independent_p0.30,0.5,5,8,1,142,u0,u0,0,0,0,7,0,7,0,0,0,0,0,10.5009457879,17.0440175717,1
random_multishortcut_m3,random_multishortcut_m3_seed027,1,27,independent_p0.30,0.75,5,8,1,142,u0,g,1,1,1,1,1,7,0,0,0,0,0,16.7893951856,23.3472858938,1
random_multishortcut_m3,random_multishortcut_m3_seed027,1,27,independent_p0.30,0.9,5,8,1,142,g,g,0,0,0,1,0,1,0,0,0,0,0,23.3472858938,23.3472858938,1
random_multishortcut_m3,random_multishortcut_m3_seed027,1,27,independent_p0.50,0.25,5,8,1,142,u0,u0,0,0,0,7,0,7,0,0,0,0,0,5.5750052552,8.60444981758,1
random_multishortcut_m3,random_multishortcut_m3_seed027,1,27,independent_p0.50,0.5,5,8,1,142,u0,g,1,1,1,1,1,7,0,0,0,0,0,8.36250788279,23.3472858938,1
random_multishortcut_m3,random_multishortcut_m3_seed027,1,27,independent_p0.50,0.75,5,8,1,142,u0,g,1,1,1,1,1,7,1,0.5,2,0.5,1.16446124887,14.9221643538,23.3472858938,1
random_multishortcut_m3,random_multishortcut_m3_seed027,1,27,independent_p0.50,0.9,5,8,1,142,g,g,0,0,0,1,0,1,0,0,0,0,0,23.3472858938,23.3472858938,1
random_multishortcut_m3,random_multishortcut_m3_seed027,1,27,independent_p0.70,0.25,5,8,1,142,u0,u0,0,0,0,7,0,7,0,0,0,0,0,2.80470289005,4.29138219984,1
random_multishortcut_m3,random_multishortcut_m3_seed027,1,27,independent_p0.70,0.5,5,8,1,142,u0,u0,0,0,0,7,0,7,0,0,0,0,0,4.20705433507,9.62399929842,1
random_multishortcut_m3,random_multishortcut_m3_seed027,1,27,independent_p0.70,0.75,5,8,1,142,u0,g,1,1,1,1,1,7,0,0,0,0,0,8.05353838779,23.3472858938,1
random_multishortcut_m3,random_multishortcut_m3_seed027,1,27,independent_p0.70,0.9,5,8,1,142,u0,g,1,1,1,1,1,7,1,0.3,2,0.3,1.16446124887,17.4295688518,23.3472858938,1
random_multishortcut_m3,random_multishortcut_m3_seed027,1,27,independent_p0.90,0.25,5,8,1,142,u0,u0,0,0,0,7,0,7,0,0,0,0,0,0.528469865749,0.662221593239,1
random_multishortcut_m3,random_multishortcut_m3_seed027,1,27,independent_p0.90,0.5,5,8,1,142,u0,u0,0,0,0,7,0,7,0,0,0,0,0,0.792704798623,1.30971344361,1
random_multishortcut_m3,random_multishortcut_m3_seed027,1,27,independent_p0.90,0.75,5,8,1,142,u0,u0,0,0,0,7,0,7,0,0,0,0,0,1.58540959725,4.51771320975,1
random_multishortcut_m3,random_multishortcut_m3_seed027,1,27,independent_p0.90,0.9,5,8,1,142,u0,g,1,1,1,1,1,7,0,0,0,0,0,3.96352399311,23.3472858938,1
random_multishortcut_m3,random_multishortcut_m3_seed027,1,27,correlated_two_mode,0.25,5,8,1,142,u0,u0,0,0,0,7,0,7,0,0,0,0,0,4.00974544314,5.48675658263,1
random_multishortcut_m3,random_multishortcut_m3_seed027,1,27,correlated_two_mode,0.5,5,8,1,142,u0,u0,0,0,0,7,0,7,0,0,0,0,0,5.97295502603,9.90990480874,1
random_multishortcut_m3,random_multishortcut_m3_seed027,1,27,correlated_two_mode,0.75,5,8,1,142,u0,u0,0,0,0,7,0,7,0,0,0,0,0,8.70959730104,15.5069113531,1
random_multishortcut_m3,random_multishortcut_m3_seed027,1,27,correlated_two_mode,0.9,5,8,1,142,u0,g,1,1,1,1,1,7,1,0.511554789929,2,0.511554789929,1.16446124887,15.3046458561,23.3472858938,1
random_multishortcut_m3,random_multishortcut_m3_seed028,1,28,independent_p0.10,0.25,5,8,1,142,u0,u0,0,0,0,7,0,7,0,0,0,0,0,6.75576064669,7.35536198326,1
random_multishortcut_m3,random_multishortcut_m3_seed028,1,28,independent_p0.10,0.5,5,8,1,142,u0,u0,0,0,0,7,0,7,0,0,0,0,0,8.03385823254,8.9332602374,1
random_multishortcut_m3,random_multishortcut_m3_seed028,1,28,independent_p0.10,0.75,5,8,1,142,u0,u0,0,0,0,7,0,7,0,0,0,0,0,11.8681509901,13.6669549998,1
random_multishortcut_m3,random_multishortcut_m3_seed028,1,28,independent_p0.10,0.9,5,8,1,142,u0,g,1,1,1,1,1,7,0,0,0,0,0,23.3710292627,26.8411465974,1
random_multishortcut_m3,random_multishortcut_m3_seed028,1,28,independent_p0.30,0.25,5,8,1,142,u0,u0,0,0,0,7,0,7,0,0,0,0,0,7.90273296191,12.0209910186,1
random_multishortcut_m3,random_multishortcut_m3_seed028,1,28,independent_p0.30,0.5,5,8,1,142,u0,u0,0,0,0,7,0,7,0,0,0,0,0,11.1112480365,18.4006497622,1
random_multishortcut_m3,random_multishortcut_m3_seed028,1,28,independent_p0.30,0.75,5,8,1,142,u0,g,1,1,1,1,1,7,0,0,0,0,0,18.1166280764,26.8411465974,1
random_multishortcut_m3,random_multishortcut_m3_seed028,1,28,independent_p0.30,0.9,5,8,1,142,g,g,0,0,0,1,0,1,0,0,0,0,0,26.8411465974,26.8411465974,1
random_multishortcut_m3,random_multishortcut_m3_seed028,1,28,independent_p0.50,0.25,5,8,1,142,u0,u0,0,0,0,7,0,7,0,0,0,0,0,5.96364363227,9.29204989965,1
random_multishortcut_m3,random_multishortcut_m3_seed028,1,28,independent_p0.50,0.5,5,8,1,142,u0,g,1,1,1,1,1,7,0,0,0,0,0,8.9454654484,26.8411465974,1
random_multishortcut_m3,random_multishortcut_m3_seed028,1,28,independent_p0.50,0.75,5,8,1,142,u0,g,1,1,1,1,1,7,0,0,0,0,0,16.033802381,26.8411465974,1
random_multishortcut_m3,random_multishortcut_m3_seed028,1,28,independent_p0.50,0.9,5,8,1,142,g,g,0,0,0,1,0,1,0,0,0,0,0,26.8411465974,26.8411465974,1
random_multishortcut_m3,random_multishortcut_m3_seed028,1,28,independent_p0.70,0.25,5,8,1,142,u0,u0,0,0,0,7,0,7,0,0,0,0,0,3.01209564163,4.65213340905,1
random_multishortcut_m3,random_multishortcut_m3_seed028,1,28,independent_p0.70,0.5,5,8,1,142,u0,u0,0,0,0,7,0,7,0,0,0,0,0,4.51814346245,10.4782049871,1
random_multishortcut_m3,random_multishortcut_m3_seed028,1,28,independent_p0.70,0.75,5,8,1,142,u0,g,1,1,1,1,1,7,0,0,0,0,0,8.66486122174,26.8411465974,1
random_multishortcut_m3,random_multishortcut_m3_seed028,1,28,independent_p0.70,0.9,5,8,1,142,u0,g,1,1,1,1,1,7,0,0,0,0,0,18.8764602806,26.8411465974,1
random_multishortcut_m3,random_multishortcut_m3_seed028,1,28,independent_p0.90,0.25,5,8,1,142,u0,u0,0,0,0,7,0,7,0,0,0,0,0,0.562871313975,0.710033326929,1
random_multishortcut_m3,random_multishortcut_m3_seed028,1,28,independent_p0.90,0.5,5,8,1,142,u0,u0,0,0,0,7,0,7,0,0,0,0,0,0.844306970962,1.41186213401,1
random_multishortcut_m3,random_multishortcut_m3_seed028,1,28,independent_p0.90,0.75,5,8,1,142,u0,u0,0,0,0,7,0,7,0,0,0,0,0,1.68861394192,4.90459712971,1
random_multishortcut_m3,random_multishortcut_m3_seed028,1,28,independent_p0.90,0.9,5,8,1,142,u0,g,1,1,1,1,1,7,0,0,0,0,0,4.22153485481,26.8411465974,1
random_multishortcut_m3,random_multishortcut_m3_seed028,1,28,correlated_two_mode,0.25,5,8,1,142,u0,u0,0,0,0,7,0,7,0,0,0,0,0,4.42700505291,6.19922926603,1
random_multishortcut_m3,random_multishortcut_m3_seed028,1,28,correlated_two_mode,0.5,5,8,1,142,u0,u0,0,0,0,7,0,7,0,0,0,0,0,6.48099361388,10.7451922612,1
random_multishortcut_m3,random_multishortcut_m3_seed028,1,28,correlated_two_mode,0.75,5,8,1,142,u0,u0,0,0,0,7,0,7,0,0,0,0,0,9.58954692602,17.2908190474,1
random_multishortcut_m3,random_multishortcut_m3_seed028,1,28,correlated_two_mode,0.9,5,8,1,142,u0,g,1,1,1,1,1,7,0,0,0,0,0,17.6745191025,26.8411465974,1
random_multishortcut_m3,random_multishortcut_m3_seed029,1,29,independent_p0.10,0.25,5,8,1,142,u0,u0,0,0,0,7,0,7,0,0,0,0,0,6.89341796531,7.43876272341,1
random_multishortcut_m3,random_multishortcut_m3_seed029,1,29,independent_p0.10,0.5,5,8,1,142,u0,u0,0,0,0,7,0,7,0,0,0,0,0,8.05586337073,8.87388050787,1
random_multishortcut_m3,random_multishortcut_m3_seed029,1,29,independent_p0.10,0.75,5,8,1,142,u0,u0,0,0,0,7,0,7,0,0,0,0,0,11.543199587,13.1792338613,1
random_multishortcut_m3,random_multishortcut_m3_seed029,1,29,independent_p0.10,0.9,5,8,1,142,u0,g,1,1,1,1,1,7,0,0,0,0,0,22.0052082357,25.2500749435,1
random_multishortcut_m3,random_multishortcut_m3_seed029,1,29,independent_p0.30,0.25,5,8,1,142,u0,u0,0,0,0,7,0,7,0,0,0,0,0,7.85147906528,11.6244574313,1
random_multishortcut_m3,random_multishortcut_m3_seed029,1,29,independent_p0.30,0.5,5,8,1,142,u1,u0,1,1,1,2,1,7,0,0,0,0,0,10.8511493193,17.4845872146,1
random_multishortcut_m3,random_multishortcut_m3_seed029,1,29,independent_p0.30,0.75,5,8,1,142,u0,g,1,1,1,1,1,7,0,0,0,0,0,17.2262660134,25.2500749435,1
random_multishortcut_m3,random_multishortcut_m3_seed029,1,29,independent_p0.30,0.9,5,8,1,142,g,g,0,0,0,1,0,1,0,0,0,0,0,25.2500749435,25.2500749435,1
random_multishortcut_m3,random_multishortcut_m3_seed029,1,29,independent_p0.50,0.25,5,8,1,142,u0,u0,0,0,0,7,0,7,0,0,0,0,0,5.88142458968,8.92261627317,1
random_multishortcut_m3,random_multishortcut_m3_seed029,1,29,independent_p0.50,0.5,5,8,1,142,u1,g,1,1,1,1,1,7,0,0,0,0,0,8.79403723067,25.2500749435,1
random_multishortcut_m3,random_multishortcut_m3_seed029,1,29,independent_p0.50,0.75,5,8,1,142,u0,g,1,1,1,1,1,7,0,0,0,0,0,15.3319105379,25.2500749435,1
random_multishortcut_m3,random_multishortcut_m3_seed029,1,29,independent_p0.50,0.9,5,8,1,142,g,g,0,0,0,1,0,1,0,0,0,0,0,25.2500749435,25.2500749435,1
random_multishortcut_m3,random_multishortcut_m3_seed029,1,29,independent_p0.70,0.25,5,8,1,142,u0,u0,0,0,0,7,0,7,0,0,0,0,0,3.00393337166,4.50059535737,1
random_multishortcut_m3,random_multishortcut_m3_seed029,1,29,independent_p0.70,0.5,5,8,1,142,u0,u0,0,0,0,7,0,7,0,0,0,0,0,4.5059000575,9.94927298716,1
random_multishortcut_m3,random_multishortcut_m3_seed029,1,29,independent_p0.70,0.75,5,8,1,142,u1,g,1,1,1,1,1,7,0,0,0,0,0,8.51335991185,25.2500749435,1
random_multishortcut_m3,random_multishortcut_m3_seed029,1,29,independent_p0.70,0.9,5,8,1,142,u1,g,1,1,1,1,1,7,0,0,0,0,0,17.8991538945,25.2500749435,1
random_multishortcut_m3,random_multishortcut_m3_seed029,1,29,independent_p0.90,0.25,5,8,1,142,u0,u0,0,0,0,7,0,7,0,0,0,0,0,0.596718484327,0.731122754195,1
random_multishortcut_m3,random_multishortcut_m3_seed029,1,29,independent_p0.90,0.5,5,8,1,142,u0,u0,0,0,0,7,0,7,0,0,0,0,0,0.895077726491,1.41378987383,1
random_multishortcut_m3,random_multishortcut_m3_seed029,1,29,independent_p0.90,0.75,5,8,1,142,u0,u0,0,0,0,7,0,7,0,0,0,0,0,1.79015545298,4.73021420289,1
random_multishortcut_m3,random_multishortcut_m3_seed029,1,29,independent_p0.90,0.9,5,8,1,142,u1,g,1,1,1,1,1,7,0,0,0,0,0,4.42480925553,25.2500749435,1
random_multishortcut_m3,random_multishortcut_m3_seed029,1,29,correlated_two_mode,0.25,5,8,1,142,u0,u0,0,1,0.575025093835,4,1,7,1,0.575025093835,2,0.575025093835,0.19527379988,5.1892436327,6.97314131098,1
random_multishortcut_m3,random_multishortcut_m3_seed029,1,29,correlated_two_mode,0.5,5,8,1,142,u2,u0,1,1,1,2,1,7,0,0,0,0,0,7.40731870817,11.3203473313,1
random_multishortcut_m3,random_multishortcut_m3_seed029,1,29,correlated_two_mode,0.75,5,8,1,142,u0,u0,0,0,0,7,0,7,0,0,0,0,0,10.3904914775,17.9428975849,1
random_multishortcut_m3,random_multishortcut_m3_seed029,1,29,correlated_two_mode,0.9,5,8,1,142,u0,g,1,1,1,1,1,7,1,0.575025093835,2,0.575025093835,2.49905931105,18.9295330773,25.2500749435,1
